package_name,package_version,name,arg,value
ggplot2,3.2.0,ggproto,_class,NULL
ggplot2,3.2.0,ggproto,_inherit,NULL
ggplot2,3.2.0,ggproto,...,
ggplot2,3.2.0,ggproto_parent,parent,
ggplot2,3.2.0,ggproto_parent,self,
ggplot2,3.2.0,is.ggproto,x,
ggplot2,3.2.0,.DollarNames.ggproto,x,
ggplot2,3.2.0,.DollarNames.ggproto,pattern,
ggplot2,3.2.0,$.ggproto,x,
ggplot2,3.2.0,$.ggproto,name,
ggplot2,3.2.0,$.ggproto_parent,x,
ggplot2,3.2.0,$.ggproto_parent,name,
ggplot2,3.2.0,[[.ggproto,x,
ggplot2,3.2.0,[[.ggproto,name,
ggplot2,3.2.0,as.list.ggproto,x,
ggplot2,3.2.0,as.list.ggproto,inherit,TRUE
ggplot2,3.2.0,as.list.ggproto,...,
ggplot2,3.2.0,print.ggproto,x,
ggplot2,3.2.0,print.ggproto,...,
ggplot2,3.2.0,print.ggproto,flat,TRUE
ggplot2,3.2.0,format.ggproto,x,
ggplot2,3.2.0,format.ggproto,...,
ggplot2,3.2.0,format.ggproto,flat,TRUE
ggplot2,3.2.0,print.ggproto_method,x,
ggplot2,3.2.0,print.ggproto_method,...,
ggplot2,3.2.0,format.ggproto_method,x,
ggplot2,3.2.0,format.ggproto_method,...,
ggplot2,3.2.0,stat,x,
ggplot2,3.2.0,defaults,x,
ggplot2,3.2.0,defaults,y,
ggplot2,3.2.0,rename,x,
ggplot2,3.2.0,rename,replace,
ggplot2,3.2.0,id,.variables,
ggplot2,3.2.0,id,drop,FALSE
ggplot2,3.2.0,count,df,
ggplot2,3.2.0,count,vars,NULL
ggplot2,3.2.0,count,wt_var,NULL
ggplot2,3.2.0,revalue,x,
ggplot2,3.2.0,revalue,replace,
ggplot2,3.2.0,as.quoted,x,
ggplot2,3.2.0,as.quoted,env,parent.frame()
ggplot2,3.2.0,rbind_dfs,dfs,
ggplot2,3.2.0,dapply,df,
ggplot2,3.2.0,dapply,by,
ggplot2,3.2.0,dapply,fun,
ggplot2,3.2.0,dapply,...,
ggplot2,3.2.0,dapply,drop,TRUE
ggplot2,3.2.0,remove_missing,df,
ggplot2,3.2.0,remove_missing,na.rm,FALSE
ggplot2,3.2.0,remove_missing,vars,names(df)
ggplot2,3.2.0,remove_missing,name,
ggplot2,3.2.0,remove_missing,finite,FALSE
ggplot2,3.2.0,should_stop,expr,
ggplot2,3.2.0,expand_range4,limits,
ggplot2,3.2.0,expand_range4,expand,
ggplot2,3.2.0,expand_scale,mult,0
ggplot2,3.2.0,expand_scale,add,0
ggplot2,3.2.0,gg_dep,version,
ggplot2,3.2.0,gg_dep,msg,
ggplot2,3.2.0,aes,x,
ggplot2,3.2.0,aes,y,
ggplot2,3.2.0,aes,...,
ggplot2,3.2.0,print.uneval,x,
ggplot2,3.2.0,print.uneval,...,
ggplot2,3.2.0,[.uneval,x,
ggplot2,3.2.0,[.uneval,i,
ggplot2,3.2.0,[.uneval,...,
ggplot2,3.2.0,[[<-.uneval,x,
ggplot2,3.2.0,[[<-.uneval,i,
ggplot2,3.2.0,[[<-.uneval,value,
ggplot2,3.2.0,$<-.uneval,x,
ggplot2,3.2.0,$<-.uneval,i,
ggplot2,3.2.0,$<-.uneval,value,
ggplot2,3.2.0,[<-.uneval,x,
ggplot2,3.2.0,[<-.uneval,i,
ggplot2,3.2.0,[<-.uneval,value,
ggplot2,3.2.0,standardise_aes_names,x,
ggplot2,3.2.0,aes_,x,
ggplot2,3.2.0,aes_,y,
ggplot2,3.2.0,aes_,...,
ggplot2,3.2.0,aes_string,x,
ggplot2,3.2.0,aes_string,y,
ggplot2,3.2.0,aes_string,...,
ggplot2,3.2.0,aes_q,x,
ggplot2,3.2.0,aes_q,y,
ggplot2,3.2.0,aes_q,...,
ggplot2,3.2.0,aes_all,vars,
ggplot2,3.2.0,aes_auto,data,NULL
ggplot2,3.2.0,aes_auto,...,
ggplot2,3.2.0,draw_key_point,data,
ggplot2,3.2.0,draw_key_point,params,
ggplot2,3.2.0,draw_key_point,size,
ggplot2,3.2.0,draw_key_abline,data,
ggplot2,3.2.0,draw_key_abline,params,
ggplot2,3.2.0,draw_key_abline,size,
ggplot2,3.2.0,draw_key_rect,data,
ggplot2,3.2.0,draw_key_rect,params,
ggplot2,3.2.0,draw_key_rect,size,
ggplot2,3.2.0,draw_key_polygon,data,
ggplot2,3.2.0,draw_key_polygon,params,
ggplot2,3.2.0,draw_key_polygon,size,
ggplot2,3.2.0,draw_key_blank,data,
ggplot2,3.2.0,draw_key_blank,params,
ggplot2,3.2.0,draw_key_blank,size,
ggplot2,3.2.0,draw_key_boxplot,data,
ggplot2,3.2.0,draw_key_boxplot,params,
ggplot2,3.2.0,draw_key_boxplot,size,
ggplot2,3.2.0,draw_key_crossbar,data,
ggplot2,3.2.0,draw_key_crossbar,params,
ggplot2,3.2.0,draw_key_crossbar,size,
ggplot2,3.2.0,draw_key_path,data,
ggplot2,3.2.0,draw_key_path,params,
ggplot2,3.2.0,draw_key_path,size,
ggplot2,3.2.0,draw_key_vpath,data,
ggplot2,3.2.0,draw_key_vpath,params,
ggplot2,3.2.0,draw_key_vpath,size,
ggplot2,3.2.0,draw_key_dotplot,data,
ggplot2,3.2.0,draw_key_dotplot,params,
ggplot2,3.2.0,draw_key_dotplot,size,
ggplot2,3.2.0,draw_key_pointrange,data,
ggplot2,3.2.0,draw_key_pointrange,params,
ggplot2,3.2.0,draw_key_pointrange,size,
ggplot2,3.2.0,draw_key_smooth,data,
ggplot2,3.2.0,draw_key_smooth,params,
ggplot2,3.2.0,draw_key_smooth,size,
ggplot2,3.2.0,draw_key_text,data,
ggplot2,3.2.0,draw_key_text,params,
ggplot2,3.2.0,draw_key_text,size,
ggplot2,3.2.0,draw_key_label,data,
ggplot2,3.2.0,draw_key_label,params,
ggplot2,3.2.0,draw_key_label,size,
ggplot2,3.2.0,draw_key_vline,data,
ggplot2,3.2.0,draw_key_vline,params,
ggplot2,3.2.0,draw_key_vline,size,
ggplot2,3.2.0,draw_key_timeseries,data,
ggplot2,3.2.0,draw_key_timeseries,params,
ggplot2,3.2.0,draw_key_timeseries,size,
ggplot2,3.2.0,annotation_custom,grob,
ggplot2,3.2.0,annotation_custom,xmin,-Inf
ggplot2,3.2.0,annotation_custom,xmax,Inf
ggplot2,3.2.0,annotation_custom,ymin,-Inf
ggplot2,3.2.0,annotation_custom,ymax,Inf
ggplot2,3.2.0,annotation_logticks,base,10
ggplot2,3.2.0,annotation_logticks,sides,bl
ggplot2,3.2.0,annotation_logticks,scaled,TRUE
ggplot2,3.2.0,annotation_logticks,short,"unit(0.1, ""cm"")"
ggplot2,3.2.0,annotation_logticks,mid,"unit(0.2, ""cm"")"
ggplot2,3.2.0,annotation_logticks,long,"unit(0.3, ""cm"")"
ggplot2,3.2.0,annotation_logticks,colour,black
ggplot2,3.2.0,annotation_logticks,size,0.5
ggplot2,3.2.0,annotation_logticks,linetype,1
ggplot2,3.2.0,annotation_logticks,alpha,1
ggplot2,3.2.0,annotation_logticks,color,NULL
ggplot2,3.2.0,annotation_logticks,...,
ggplot2,3.2.0,geom_polygon,mapping,NULL
ggplot2,3.2.0,geom_polygon,data,NULL
ggplot2,3.2.0,geom_polygon,stat,identity
ggplot2,3.2.0,geom_polygon,position,identity
ggplot2,3.2.0,geom_polygon,rule,evenodd
ggplot2,3.2.0,geom_polygon,...,
ggplot2,3.2.0,geom_polygon,na.rm,FALSE
ggplot2,3.2.0,geom_polygon,show.legend,"NA"
ggplot2,3.2.0,geom_polygon,inherit.aes,TRUE
ggplot2,3.2.0,geom_map,mapping,NULL
ggplot2,3.2.0,geom_map,data,NULL
ggplot2,3.2.0,geom_map,stat,identity
ggplot2,3.2.0,geom_map,...,
ggplot2,3.2.0,geom_map,map,
ggplot2,3.2.0,geom_map,na.rm,FALSE
ggplot2,3.2.0,geom_map,show.legend,"NA"
ggplot2,3.2.0,geom_map,inherit.aes,TRUE
ggplot2,3.2.0,annotation_map,map,
ggplot2,3.2.0,annotation_map,...,
ggplot2,3.2.0,geom_raster,mapping,NULL
ggplot2,3.2.0,geom_raster,data,NULL
ggplot2,3.2.0,geom_raster,stat,identity
ggplot2,3.2.0,geom_raster,position,identity
ggplot2,3.2.0,geom_raster,...,
ggplot2,3.2.0,geom_raster,hjust,0.5
ggplot2,3.2.0,geom_raster,vjust,0.5
ggplot2,3.2.0,geom_raster,interpolate,FALSE
ggplot2,3.2.0,geom_raster,na.rm,FALSE
ggplot2,3.2.0,geom_raster,show.legend,"NA"
ggplot2,3.2.0,geom_raster,inherit.aes,TRUE
ggplot2,3.2.0,annotation_raster,raster,
ggplot2,3.2.0,annotation_raster,xmin,
ggplot2,3.2.0,annotation_raster,xmax,
ggplot2,3.2.0,annotation_raster,ymin,
ggplot2,3.2.0,annotation_raster,ymax,
ggplot2,3.2.0,annotation_raster,interpolate,FALSE
ggplot2,3.2.0,annotate,geom,
ggplot2,3.2.0,annotate,x,NULL
ggplot2,3.2.0,annotate,y,NULL
ggplot2,3.2.0,annotate,xmin,NULL
ggplot2,3.2.0,annotate,xmax,NULL
ggplot2,3.2.0,annotate,ymin,NULL
ggplot2,3.2.0,annotate,ymax,NULL
ggplot2,3.2.0,annotate,xend,NULL
ggplot2,3.2.0,annotate,yend,NULL
ggplot2,3.2.0,annotate,...,
ggplot2,3.2.0,annotate,na.rm,FALSE
ggplot2,3.2.0,autolayer,object,
ggplot2,3.2.0,autolayer,...,
ggplot2,3.2.0,autolayer.default,object,
ggplot2,3.2.0,autolayer.default,...,
ggplot2,3.2.0,autoplot,object,
ggplot2,3.2.0,autoplot,...,
ggplot2,3.2.0,autoplot.default,object,
ggplot2,3.2.0,autoplot.default,...,
ggplot2,3.2.0,sec_axis,trans,NULL
ggplot2,3.2.0,sec_axis,name,waiver()
ggplot2,3.2.0,sec_axis,breaks,waiver()
ggplot2,3.2.0,sec_axis,labels,waiver()
ggplot2,3.2.0,dup_axis,trans,~.
ggplot2,3.2.0,dup_axis,name,derive()
ggplot2,3.2.0,dup_axis,breaks,derive()
ggplot2,3.2.0,dup_axis,labels,derive()
ggplot2,3.2.0,benchplot,x,
ggplot2,3.2.0,print.ggplot2_bins,x,
ggplot2,3.2.0,print.ggplot2_bins,...,
ggplot2,3.2.0,is.Coord,x,
ggplot2,3.2.0,coord_cartesian,xlim,NULL
ggplot2,3.2.0,coord_cartesian,ylim,NULL
ggplot2,3.2.0,coord_cartesian,expand,TRUE
ggplot2,3.2.0,coord_cartesian,default,FALSE
ggplot2,3.2.0,coord_cartesian,clip,on
ggplot2,3.2.0,coord_fixed,ratio,1
ggplot2,3.2.0,coord_fixed,xlim,NULL
ggplot2,3.2.0,coord_fixed,ylim,NULL
ggplot2,3.2.0,coord_fixed,expand,TRUE
ggplot2,3.2.0,coord_fixed,clip,on
ggplot2,3.2.0,coord_equal,ratio,1
ggplot2,3.2.0,coord_equal,xlim,NULL
ggplot2,3.2.0,coord_equal,ylim,NULL
ggplot2,3.2.0,coord_equal,expand,TRUE
ggplot2,3.2.0,coord_equal,clip,on
ggplot2,3.2.0,coord_flip,xlim,NULL
ggplot2,3.2.0,coord_flip,ylim,NULL
ggplot2,3.2.0,coord_flip,expand,TRUE
ggplot2,3.2.0,coord_flip,clip,on
ggplot2,3.2.0,coord_map,projection,mercator
ggplot2,3.2.0,coord_map,...,
ggplot2,3.2.0,coord_map,parameters,NULL
ggplot2,3.2.0,coord_map,orientation,NULL
ggplot2,3.2.0,coord_map,xlim,NULL
ggplot2,3.2.0,coord_map,ylim,NULL
ggplot2,3.2.0,coord_map,clip,on
ggplot2,3.2.0,coord_munch,coord,
ggplot2,3.2.0,coord_munch,data,
ggplot2,3.2.0,coord_munch,range,
ggplot2,3.2.0,coord_munch,segment_length,0.01
ggplot2,3.2.0,coord_polar,theta,x
ggplot2,3.2.0,coord_polar,start,0
ggplot2,3.2.0,coord_polar,direction,1
ggplot2,3.2.0,coord_polar,clip,on
ggplot2,3.2.0,coord_quickmap,xlim,NULL
ggplot2,3.2.0,coord_quickmap,ylim,NULL
ggplot2,3.2.0,coord_quickmap,expand,TRUE
ggplot2,3.2.0,coord_quickmap,clip,on
ggplot2,3.2.0,coord_sf,xlim,NULL
ggplot2,3.2.0,coord_sf,ylim,NULL
ggplot2,3.2.0,coord_sf,expand,TRUE
ggplot2,3.2.0,coord_sf,crs,NULL
ggplot2,3.2.0,coord_sf,datum,sf::st_crs(4326)
ggplot2,3.2.0,coord_sf,label_graticule,waiver()
ggplot2,3.2.0,coord_sf,label_axes,waiver()
ggplot2,3.2.0,coord_sf,ndiscr,100
ggplot2,3.2.0,coord_sf,default,FALSE
ggplot2,3.2.0,coord_sf,clip,on
ggplot2,3.2.0,coord_trans,x,identity
ggplot2,3.2.0,coord_trans,y,identity
ggplot2,3.2.0,coord_trans,limx,NULL
ggplot2,3.2.0,coord_trans,limy,NULL
ggplot2,3.2.0,coord_trans,clip,on
ggplot2,3.2.0,coord_trans,xtrans,
ggplot2,3.2.0,coord_trans,ytrans,
ggplot2,3.2.0,warn_new_infinites,old_values,
ggplot2,3.2.0,warn_new_infinites,new_values,
ggplot2,3.2.0,warn_new_infinites,axis,
ggplot2,3.2.0,vars,...,
ggplot2,3.2.0,is.facet,x,
ggplot2,3.2.0,max_height,grobs,
ggplot2,3.2.0,max_height,value_only,FALSE
ggplot2,3.2.0,max_width,grobs,
ggplot2,3.2.0,max_width,value_only,FALSE
ggplot2,3.2.0,find_panel,table,
ggplot2,3.2.0,panel_cols,table,
ggplot2,3.2.0,panel_rows,table,
ggplot2,3.2.0,combine_vars,data,
ggplot2,3.2.0,combine_vars,env,emptyenv()
ggplot2,3.2.0,combine_vars,vars,NULL
ggplot2,3.2.0,combine_vars,drop,TRUE
ggplot2,3.2.0,render_axes,x,NULL
ggplot2,3.2.0,render_axes,y,NULL
ggplot2,3.2.0,render_axes,coord,
ggplot2,3.2.0,render_axes,theme,
ggplot2,3.2.0,render_axes,transpose,FALSE
ggplot2,3.2.0,render_strips,x,NULL
ggplot2,3.2.0,render_strips,y,NULL
ggplot2,3.2.0,render_strips,labeller,
ggplot2,3.2.0,render_strips,theme,
ggplot2,3.2.0,facet_grid,rows,NULL
ggplot2,3.2.0,facet_grid,cols,NULL
ggplot2,3.2.0,facet_grid,scales,fixed
ggplot2,3.2.0,facet_grid,space,fixed
ggplot2,3.2.0,facet_grid,shrink,TRUE
ggplot2,3.2.0,facet_grid,labeller,label_value
ggplot2,3.2.0,facet_grid,as.table,TRUE
ggplot2,3.2.0,facet_grid,switch,NULL
ggplot2,3.2.0,facet_grid,drop,TRUE
ggplot2,3.2.0,facet_grid,margins,FALSE
ggplot2,3.2.0,facet_grid,facets,NULL
ggplot2,3.2.0,facet_null,shrink,TRUE
ggplot2,3.2.0,facet_wrap,facets,
ggplot2,3.2.0,facet_wrap,nrow,NULL
ggplot2,3.2.0,facet_wrap,ncol,NULL
ggplot2,3.2.0,facet_wrap,scales,fixed
ggplot2,3.2.0,facet_wrap,shrink,TRUE
ggplot2,3.2.0,facet_wrap,labeller,label_value
ggplot2,3.2.0,facet_wrap,as.table,TRUE
ggplot2,3.2.0,facet_wrap,switch,NULL
ggplot2,3.2.0,facet_wrap,drop,TRUE
ggplot2,3.2.0,facet_wrap,dir,h
ggplot2,3.2.0,facet_wrap,strip.position,top
ggplot2,3.2.0,sanitise_dim,n,
ggplot2,3.2.0,wrap_dims,n,
ggplot2,3.2.0,wrap_dims,nrow,NULL
ggplot2,3.2.0,wrap_dims,ncol,NULL
ggplot2,3.2.0,fortify.lm,model,
ggplot2,3.2.0,fortify.lm,data,model$model
ggplot2,3.2.0,fortify.lm,...,
ggplot2,3.2.0,fortify.map,model,
ggplot2,3.2.0,fortify.map,data,
ggplot2,3.2.0,fortify.map,...,
ggplot2,3.2.0,map_data,map,
ggplot2,3.2.0,map_data,region,.
ggplot2,3.2.0,map_data,exact,FALSE
ggplot2,3.2.0,map_data,...,
ggplot2,3.2.0,borders,database,world
ggplot2,3.2.0,borders,regions,.
ggplot2,3.2.0,borders,fill,"NA"
ggplot2,3.2.0,borders,colour,grey50
ggplot2,3.2.0,borders,xlim,NULL
ggplot2,3.2.0,borders,ylim,NULL
ggplot2,3.2.0,borders,...,
ggplot2,3.2.0,fortify.glht,model,
ggplot2,3.2.0,fortify.glht,data,
ggplot2,3.2.0,fortify.glht,...,
ggplot2,3.2.0,fortify.confint.glht,model,
ggplot2,3.2.0,fortify.confint.glht,data,
ggplot2,3.2.0,fortify.confint.glht,...,
ggplot2,3.2.0,fortify.summary.glht,model,
ggplot2,3.2.0,fortify.summary.glht,data,
ggplot2,3.2.0,fortify.summary.glht,...,
ggplot2,3.2.0,fortify.cld,model,
ggplot2,3.2.0,fortify.cld,data,
ggplot2,3.2.0,fortify.cld,...,
ggplot2,3.2.0,fortify.SpatialPolygonsDataFrame,model,
ggplot2,3.2.0,fortify.SpatialPolygonsDataFrame,data,
ggplot2,3.2.0,fortify.SpatialPolygonsDataFrame,region,NULL
ggplot2,3.2.0,fortify.SpatialPolygonsDataFrame,...,
ggplot2,3.2.0,fortify.SpatialPolygons,model,
ggplot2,3.2.0,fortify.SpatialPolygons,data,
ggplot2,3.2.0,fortify.SpatialPolygons,...,
ggplot2,3.2.0,fortify.Polygons,model,
ggplot2,3.2.0,fortify.Polygons,data,
ggplot2,3.2.0,fortify.Polygons,...,
ggplot2,3.2.0,fortify.Polygon,model,
ggplot2,3.2.0,fortify.Polygon,data,
ggplot2,3.2.0,fortify.Polygon,...,
ggplot2,3.2.0,fortify.SpatialLinesDataFrame,model,
ggplot2,3.2.0,fortify.SpatialLinesDataFrame,data,
ggplot2,3.2.0,fortify.SpatialLinesDataFrame,...,
ggplot2,3.2.0,fortify.Lines,model,
ggplot2,3.2.0,fortify.Lines,data,
ggplot2,3.2.0,fortify.Lines,...,
ggplot2,3.2.0,fortify.Line,model,
ggplot2,3.2.0,fortify.Line,data,
ggplot2,3.2.0,fortify.Line,...,
ggplot2,3.2.0,fortify.sfc,model,
ggplot2,3.2.0,fortify.sfc,data,
ggplot2,3.2.0,fortify.sfc,...,
ggplot2,3.2.0,fortify.sfg,model,
ggplot2,3.2.0,fortify.sfg,data,
ggplot2,3.2.0,fortify.sfg,...,
ggplot2,3.2.0,fortify,model,
ggplot2,3.2.0,fortify,data,
ggplot2,3.2.0,fortify,...,
ggplot2,3.2.0,fortify.data.frame,model,
ggplot2,3.2.0,fortify.data.frame,data,
ggplot2,3.2.0,fortify.data.frame,...,
ggplot2,3.2.0,fortify.tbl_df,model,
ggplot2,3.2.0,fortify.tbl_df,data,
ggplot2,3.2.0,fortify.tbl_df,...,
ggplot2,3.2.0,fortify.tbl,model,
ggplot2,3.2.0,fortify.tbl,data,
ggplot2,3.2.0,fortify.tbl,...,
ggplot2,3.2.0,fortify.NULL,model,
ggplot2,3.2.0,fortify.NULL,data,
ggplot2,3.2.0,fortify.NULL,...,
ggplot2,3.2.0,fortify.function,model,
ggplot2,3.2.0,fortify.function,data,
ggplot2,3.2.0,fortify.function,...,
ggplot2,3.2.0,fortify.formula,model,
ggplot2,3.2.0,fortify.formula,data,
ggplot2,3.2.0,fortify.formula,...,
ggplot2,3.2.0,fortify.grouped_df,model,
ggplot2,3.2.0,fortify.grouped_df,data,
ggplot2,3.2.0,fortify.grouped_df,...,
ggplot2,3.2.0,fortify.default,model,
ggplot2,3.2.0,fortify.default,data,
ggplot2,3.2.0,fortify.default,...,
ggplot2,3.2.0,geom_abline,mapping,NULL
ggplot2,3.2.0,geom_abline,data,NULL
ggplot2,3.2.0,geom_abline,...,
ggplot2,3.2.0,geom_abline,slope,
ggplot2,3.2.0,geom_abline,intercept,
ggplot2,3.2.0,geom_abline,na.rm,FALSE
ggplot2,3.2.0,geom_abline,show.legend,"NA"
ggplot2,3.2.0,geom_rect,mapping,NULL
ggplot2,3.2.0,geom_rect,data,NULL
ggplot2,3.2.0,geom_rect,stat,identity
ggplot2,3.2.0,geom_rect,position,identity
ggplot2,3.2.0,geom_rect,...,
ggplot2,3.2.0,geom_rect,linejoin,mitre
ggplot2,3.2.0,geom_rect,na.rm,FALSE
ggplot2,3.2.0,geom_rect,show.legend,"NA"
ggplot2,3.2.0,geom_rect,inherit.aes,TRUE
ggplot2,3.2.0,geom_bar,mapping,NULL
ggplot2,3.2.0,geom_bar,data,NULL
ggplot2,3.2.0,geom_bar,stat,count
ggplot2,3.2.0,geom_bar,position,stack
ggplot2,3.2.0,geom_bar,...,
ggplot2,3.2.0,geom_bar,width,NULL
ggplot2,3.2.0,geom_bar,binwidth,NULL
ggplot2,3.2.0,geom_bar,na.rm,FALSE
ggplot2,3.2.0,geom_bar,show.legend,"NA"
ggplot2,3.2.0,geom_bar,inherit.aes,TRUE
ggplot2,3.2.0,geom_bin2d,mapping,NULL
ggplot2,3.2.0,geom_bin2d,data,NULL
ggplot2,3.2.0,geom_bin2d,stat,bin2d
ggplot2,3.2.0,geom_bin2d,position,identity
ggplot2,3.2.0,geom_bin2d,...,
ggplot2,3.2.0,geom_bin2d,na.rm,FALSE
ggplot2,3.2.0,geom_bin2d,show.legend,"NA"
ggplot2,3.2.0,geom_bin2d,inherit.aes,TRUE
ggplot2,3.2.0,geom_blank,mapping,NULL
ggplot2,3.2.0,geom_blank,data,NULL
ggplot2,3.2.0,geom_blank,stat,identity
ggplot2,3.2.0,geom_blank,position,identity
ggplot2,3.2.0,geom_blank,...,
ggplot2,3.2.0,geom_blank,show.legend,"NA"
ggplot2,3.2.0,geom_blank,inherit.aes,TRUE
ggplot2,3.2.0,geom_boxplot,mapping,NULL
ggplot2,3.2.0,geom_boxplot,data,NULL
ggplot2,3.2.0,geom_boxplot,stat,boxplot
ggplot2,3.2.0,geom_boxplot,position,dodge2
ggplot2,3.2.0,geom_boxplot,...,
ggplot2,3.2.0,geom_boxplot,outlier.colour,NULL
ggplot2,3.2.0,geom_boxplot,outlier.color,NULL
ggplot2,3.2.0,geom_boxplot,outlier.fill,NULL
ggplot2,3.2.0,geom_boxplot,outlier.shape,19
ggplot2,3.2.0,geom_boxplot,outlier.size,1.5
ggplot2,3.2.0,geom_boxplot,outlier.stroke,0.5
ggplot2,3.2.0,geom_boxplot,outlier.alpha,NULL
ggplot2,3.2.0,geom_boxplot,notch,FALSE
ggplot2,3.2.0,geom_boxplot,notchwidth,0.5
ggplot2,3.2.0,geom_boxplot,varwidth,FALSE
ggplot2,3.2.0,geom_boxplot,na.rm,FALSE
ggplot2,3.2.0,geom_boxplot,show.legend,"NA"
ggplot2,3.2.0,geom_boxplot,inherit.aes,TRUE
ggplot2,3.2.0,geom_col,mapping,NULL
ggplot2,3.2.0,geom_col,data,NULL
ggplot2,3.2.0,geom_col,position,stack
ggplot2,3.2.0,geom_col,...,
ggplot2,3.2.0,geom_col,width,NULL
ggplot2,3.2.0,geom_col,na.rm,FALSE
ggplot2,3.2.0,geom_col,show.legend,"NA"
ggplot2,3.2.0,geom_col,inherit.aes,TRUE
ggplot2,3.2.0,geom_path,mapping,NULL
ggplot2,3.2.0,geom_path,data,NULL
ggplot2,3.2.0,geom_path,stat,identity
ggplot2,3.2.0,geom_path,position,identity
ggplot2,3.2.0,geom_path,...,
ggplot2,3.2.0,geom_path,lineend,butt
ggplot2,3.2.0,geom_path,linejoin,round
ggplot2,3.2.0,geom_path,linemitre,10
ggplot2,3.2.0,geom_path,arrow,NULL
ggplot2,3.2.0,geom_path,na.rm,FALSE
ggplot2,3.2.0,geom_path,show.legend,"NA"
ggplot2,3.2.0,geom_path,inherit.aes,TRUE
ggplot2,3.2.0,geom_line,mapping,NULL
ggplot2,3.2.0,geom_line,data,NULL
ggplot2,3.2.0,geom_line,stat,identity
ggplot2,3.2.0,geom_line,position,identity
ggplot2,3.2.0,geom_line,na.rm,FALSE
ggplot2,3.2.0,geom_line,show.legend,"NA"
ggplot2,3.2.0,geom_line,inherit.aes,TRUE
ggplot2,3.2.0,geom_line,...,
ggplot2,3.2.0,geom_step,mapping,NULL
ggplot2,3.2.0,geom_step,data,NULL
ggplot2,3.2.0,geom_step,stat,identity
ggplot2,3.2.0,geom_step,position,identity
ggplot2,3.2.0,geom_step,direction,hv
ggplot2,3.2.0,geom_step,na.rm,FALSE
ggplot2,3.2.0,geom_step,show.legend,"NA"
ggplot2,3.2.0,geom_step,inherit.aes,TRUE
ggplot2,3.2.0,geom_step,...,
ggplot2,3.2.0,geom_contour,mapping,NULL
ggplot2,3.2.0,geom_contour,data,NULL
ggplot2,3.2.0,geom_contour,stat,contour
ggplot2,3.2.0,geom_contour,position,identity
ggplot2,3.2.0,geom_contour,...,
ggplot2,3.2.0,geom_contour,lineend,butt
ggplot2,3.2.0,geom_contour,linejoin,round
ggplot2,3.2.0,geom_contour,linemitre,10
ggplot2,3.2.0,geom_contour,na.rm,FALSE
ggplot2,3.2.0,geom_contour,show.legend,"NA"
ggplot2,3.2.0,geom_contour,inherit.aes,TRUE
ggplot2,3.2.0,geom_count,mapping,NULL
ggplot2,3.2.0,geom_count,data,NULL
ggplot2,3.2.0,geom_count,stat,sum
ggplot2,3.2.0,geom_count,position,identity
ggplot2,3.2.0,geom_count,...,
ggplot2,3.2.0,geom_count,na.rm,FALSE
ggplot2,3.2.0,geom_count,show.legend,"NA"
ggplot2,3.2.0,geom_count,inherit.aes,TRUE
ggplot2,3.2.0,geom_crossbar,mapping,NULL
ggplot2,3.2.0,geom_crossbar,data,NULL
ggplot2,3.2.0,geom_crossbar,stat,identity
ggplot2,3.2.0,geom_crossbar,position,identity
ggplot2,3.2.0,geom_crossbar,...,
ggplot2,3.2.0,geom_crossbar,fatten,2.5
ggplot2,3.2.0,geom_crossbar,na.rm,FALSE
ggplot2,3.2.0,geom_crossbar,show.legend,"NA"
ggplot2,3.2.0,geom_crossbar,inherit.aes,TRUE
ggplot2,3.2.0,geom_segment,mapping,NULL
ggplot2,3.2.0,geom_segment,data,NULL
ggplot2,3.2.0,geom_segment,stat,identity
ggplot2,3.2.0,geom_segment,position,identity
ggplot2,3.2.0,geom_segment,...,
ggplot2,3.2.0,geom_segment,arrow,NULL
ggplot2,3.2.0,geom_segment,arrow.fill,NULL
ggplot2,3.2.0,geom_segment,lineend,butt
ggplot2,3.2.0,geom_segment,linejoin,round
ggplot2,3.2.0,geom_segment,na.rm,FALSE
ggplot2,3.2.0,geom_segment,show.legend,"NA"
ggplot2,3.2.0,geom_segment,inherit.aes,TRUE
ggplot2,3.2.0,geom_curve,mapping,NULL
ggplot2,3.2.0,geom_curve,data,NULL
ggplot2,3.2.0,geom_curve,stat,identity
ggplot2,3.2.0,geom_curve,position,identity
ggplot2,3.2.0,geom_curve,...,
ggplot2,3.2.0,geom_curve,curvature,0.5
ggplot2,3.2.0,geom_curve,angle,90
ggplot2,3.2.0,geom_curve,ncp,5
ggplot2,3.2.0,geom_curve,arrow,NULL
ggplot2,3.2.0,geom_curve,arrow.fill,NULL
ggplot2,3.2.0,geom_curve,lineend,butt
ggplot2,3.2.0,geom_curve,na.rm,FALSE
ggplot2,3.2.0,geom_curve,show.legend,"NA"
ggplot2,3.2.0,geom_curve,inherit.aes,TRUE
ggplot2,3.2.0,update_geom_defaults,geom,
ggplot2,3.2.0,update_geom_defaults,new,
ggplot2,3.2.0,update_stat_defaults,stat,
ggplot2,3.2.0,update_stat_defaults,new,
ggplot2,3.2.0,geom_ribbon,mapping,NULL
ggplot2,3.2.0,geom_ribbon,data,NULL
ggplot2,3.2.0,geom_ribbon,stat,identity
ggplot2,3.2.0,geom_ribbon,position,identity
ggplot2,3.2.0,geom_ribbon,...,
ggplot2,3.2.0,geom_ribbon,na.rm,FALSE
ggplot2,3.2.0,geom_ribbon,show.legend,"NA"
ggplot2,3.2.0,geom_ribbon,inherit.aes,TRUE
ggplot2,3.2.0,geom_area,mapping,NULL
ggplot2,3.2.0,geom_area,data,NULL
ggplot2,3.2.0,geom_area,stat,identity
ggplot2,3.2.0,geom_area,position,stack
ggplot2,3.2.0,geom_area,na.rm,FALSE
ggplot2,3.2.0,geom_area,show.legend,"NA"
ggplot2,3.2.0,geom_area,inherit.aes,TRUE
ggplot2,3.2.0,geom_area,...,
ggplot2,3.2.0,geom_density,mapping,NULL
ggplot2,3.2.0,geom_density,data,NULL
ggplot2,3.2.0,geom_density,stat,density
ggplot2,3.2.0,geom_density,position,identity
ggplot2,3.2.0,geom_density,...,
ggplot2,3.2.0,geom_density,na.rm,FALSE
ggplot2,3.2.0,geom_density,show.legend,"NA"
ggplot2,3.2.0,geom_density,inherit.aes,TRUE
ggplot2,3.2.0,geom_density_2d,mapping,NULL
ggplot2,3.2.0,geom_density_2d,data,NULL
ggplot2,3.2.0,geom_density_2d,stat,density2d
ggplot2,3.2.0,geom_density_2d,position,identity
ggplot2,3.2.0,geom_density_2d,...,
ggplot2,3.2.0,geom_density_2d,lineend,butt
ggplot2,3.2.0,geom_density_2d,linejoin,round
ggplot2,3.2.0,geom_density_2d,linemitre,10
ggplot2,3.2.0,geom_density_2d,na.rm,FALSE
ggplot2,3.2.0,geom_density_2d,show.legend,"NA"
ggplot2,3.2.0,geom_density_2d,inherit.aes,TRUE
ggplot2,3.2.0,geom_density2d,mapping,NULL
ggplot2,3.2.0,geom_density2d,data,NULL
ggplot2,3.2.0,geom_density2d,stat,density2d
ggplot2,3.2.0,geom_density2d,position,identity
ggplot2,3.2.0,geom_density2d,...,
ggplot2,3.2.0,geom_density2d,lineend,butt
ggplot2,3.2.0,geom_density2d,linejoin,round
ggplot2,3.2.0,geom_density2d,linemitre,10
ggplot2,3.2.0,geom_density2d,na.rm,FALSE
ggplot2,3.2.0,geom_density2d,show.legend,"NA"
ggplot2,3.2.0,geom_density2d,inherit.aes,TRUE
ggplot2,3.2.0,geom_dotplot,mapping,NULL
ggplot2,3.2.0,geom_dotplot,data,NULL
ggplot2,3.2.0,geom_dotplot,position,identity
ggplot2,3.2.0,geom_dotplot,...,
ggplot2,3.2.0,geom_dotplot,binwidth,NULL
ggplot2,3.2.0,geom_dotplot,binaxis,x
ggplot2,3.2.0,geom_dotplot,method,dotdensity
ggplot2,3.2.0,geom_dotplot,binpositions,bygroup
ggplot2,3.2.0,geom_dotplot,stackdir,up
ggplot2,3.2.0,geom_dotplot,stackratio,1
ggplot2,3.2.0,geom_dotplot,dotsize,1
ggplot2,3.2.0,geom_dotplot,stackgroups,FALSE
ggplot2,3.2.0,geom_dotplot,origin,NULL
ggplot2,3.2.0,geom_dotplot,right,TRUE
ggplot2,3.2.0,geom_dotplot,width,0.9
ggplot2,3.2.0,geom_dotplot,drop,FALSE
ggplot2,3.2.0,geom_dotplot,na.rm,FALSE
ggplot2,3.2.0,geom_dotplot,show.legend,"NA"
ggplot2,3.2.0,geom_dotplot,inherit.aes,TRUE
ggplot2,3.2.0,geom_errorbar,mapping,NULL
ggplot2,3.2.0,geom_errorbar,data,NULL
ggplot2,3.2.0,geom_errorbar,stat,identity
ggplot2,3.2.0,geom_errorbar,position,identity
ggplot2,3.2.0,geom_errorbar,...,
ggplot2,3.2.0,geom_errorbar,na.rm,FALSE
ggplot2,3.2.0,geom_errorbar,show.legend,"NA"
ggplot2,3.2.0,geom_errorbar,inherit.aes,TRUE
ggplot2,3.2.0,geom_errorbarh,mapping,NULL
ggplot2,3.2.0,geom_errorbarh,data,NULL
ggplot2,3.2.0,geom_errorbarh,stat,identity
ggplot2,3.2.0,geom_errorbarh,position,identity
ggplot2,3.2.0,geom_errorbarh,...,
ggplot2,3.2.0,geom_errorbarh,na.rm,FALSE
ggplot2,3.2.0,geom_errorbarh,show.legend,"NA"
ggplot2,3.2.0,geom_errorbarh,inherit.aes,TRUE
ggplot2,3.2.0,geom_freqpoly,mapping,NULL
ggplot2,3.2.0,geom_freqpoly,data,NULL
ggplot2,3.2.0,geom_freqpoly,stat,bin
ggplot2,3.2.0,geom_freqpoly,position,identity
ggplot2,3.2.0,geom_freqpoly,...,
ggplot2,3.2.0,geom_freqpoly,na.rm,FALSE
ggplot2,3.2.0,geom_freqpoly,show.legend,"NA"
ggplot2,3.2.0,geom_freqpoly,inherit.aes,TRUE
ggplot2,3.2.0,geom_hex,mapping,NULL
ggplot2,3.2.0,geom_hex,data,NULL
ggplot2,3.2.0,geom_hex,stat,binhex
ggplot2,3.2.0,geom_hex,position,identity
ggplot2,3.2.0,geom_hex,...,
ggplot2,3.2.0,geom_hex,na.rm,FALSE
ggplot2,3.2.0,geom_hex,show.legend,"NA"
ggplot2,3.2.0,geom_hex,inherit.aes,TRUE
ggplot2,3.2.0,geom_histogram,mapping,NULL
ggplot2,3.2.0,geom_histogram,data,NULL
ggplot2,3.2.0,geom_histogram,stat,bin
ggplot2,3.2.0,geom_histogram,position,stack
ggplot2,3.2.0,geom_histogram,...,
ggplot2,3.2.0,geom_histogram,binwidth,NULL
ggplot2,3.2.0,geom_histogram,bins,NULL
ggplot2,3.2.0,geom_histogram,na.rm,FALSE
ggplot2,3.2.0,geom_histogram,show.legend,"NA"
ggplot2,3.2.0,geom_histogram,inherit.aes,TRUE
ggplot2,3.2.0,geom_hline,mapping,NULL
ggplot2,3.2.0,geom_hline,data,NULL
ggplot2,3.2.0,geom_hline,...,
ggplot2,3.2.0,geom_hline,yintercept,
ggplot2,3.2.0,geom_hline,na.rm,FALSE
ggplot2,3.2.0,geom_hline,show.legend,"NA"
ggplot2,3.2.0,geom_jitter,mapping,NULL
ggplot2,3.2.0,geom_jitter,data,NULL
ggplot2,3.2.0,geom_jitter,stat,identity
ggplot2,3.2.0,geom_jitter,position,jitter
ggplot2,3.2.0,geom_jitter,...,
ggplot2,3.2.0,geom_jitter,width,NULL
ggplot2,3.2.0,geom_jitter,height,NULL
ggplot2,3.2.0,geom_jitter,na.rm,FALSE
ggplot2,3.2.0,geom_jitter,show.legend,"NA"
ggplot2,3.2.0,geom_jitter,inherit.aes,TRUE
ggplot2,3.2.0,geom_label,mapping,NULL
ggplot2,3.2.0,geom_label,data,NULL
ggplot2,3.2.0,geom_label,stat,identity
ggplot2,3.2.0,geom_label,position,identity
ggplot2,3.2.0,geom_label,...,
ggplot2,3.2.0,geom_label,parse,FALSE
ggplot2,3.2.0,geom_label,nudge_x,0
ggplot2,3.2.0,geom_label,nudge_y,0
ggplot2,3.2.0,geom_label,label.padding,"unit(0.25, ""lines"")"
ggplot2,3.2.0,geom_label,label.r,"unit(0.15, ""lines"")"
ggplot2,3.2.0,geom_label,label.size,0.25
ggplot2,3.2.0,geom_label,na.rm,FALSE
ggplot2,3.2.0,geom_label,show.legend,"NA"
ggplot2,3.2.0,geom_label,inherit.aes,TRUE
ggplot2,3.2.0,makeContent.labelgrob,x,
ggplot2,3.2.0,geom_linerange,mapping,NULL
ggplot2,3.2.0,geom_linerange,data,NULL
ggplot2,3.2.0,geom_linerange,stat,identity
ggplot2,3.2.0,geom_linerange,position,identity
ggplot2,3.2.0,geom_linerange,...,
ggplot2,3.2.0,geom_linerange,na.rm,FALSE
ggplot2,3.2.0,geom_linerange,show.legend,"NA"
ggplot2,3.2.0,geom_linerange,inherit.aes,TRUE
ggplot2,3.2.0,geom_point,mapping,NULL
ggplot2,3.2.0,geom_point,data,NULL
ggplot2,3.2.0,geom_point,stat,identity
ggplot2,3.2.0,geom_point,position,identity
ggplot2,3.2.0,geom_point,...,
ggplot2,3.2.0,geom_point,na.rm,FALSE
ggplot2,3.2.0,geom_point,show.legend,"NA"
ggplot2,3.2.0,geom_point,inherit.aes,TRUE
ggplot2,3.2.0,geom_pointrange,mapping,NULL
ggplot2,3.2.0,geom_pointrange,data,NULL
ggplot2,3.2.0,geom_pointrange,stat,identity
ggplot2,3.2.0,geom_pointrange,position,identity
ggplot2,3.2.0,geom_pointrange,...,
ggplot2,3.2.0,geom_pointrange,fatten,4
ggplot2,3.2.0,geom_pointrange,na.rm,FALSE
ggplot2,3.2.0,geom_pointrange,show.legend,"NA"
ggplot2,3.2.0,geom_pointrange,inherit.aes,TRUE
ggplot2,3.2.0,geom_quantile,mapping,NULL
ggplot2,3.2.0,geom_quantile,data,NULL
ggplot2,3.2.0,geom_quantile,stat,quantile
ggplot2,3.2.0,geom_quantile,position,identity
ggplot2,3.2.0,geom_quantile,...,
ggplot2,3.2.0,geom_quantile,lineend,butt
ggplot2,3.2.0,geom_quantile,linejoin,round
ggplot2,3.2.0,geom_quantile,linemitre,10
ggplot2,3.2.0,geom_quantile,na.rm,FALSE
ggplot2,3.2.0,geom_quantile,show.legend,"NA"
ggplot2,3.2.0,geom_quantile,inherit.aes,TRUE
ggplot2,3.2.0,geom_rug,mapping,NULL
ggplot2,3.2.0,geom_rug,data,NULL
ggplot2,3.2.0,geom_rug,stat,identity
ggplot2,3.2.0,geom_rug,position,identity
ggplot2,3.2.0,geom_rug,...,
ggplot2,3.2.0,geom_rug,outside,FALSE
ggplot2,3.2.0,geom_rug,sides,bl
ggplot2,3.2.0,geom_rug,length,"unit(0.03, ""npc"")"
ggplot2,3.2.0,geom_rug,na.rm,FALSE
ggplot2,3.2.0,geom_rug,show.legend,"NA"
ggplot2,3.2.0,geom_rug,inherit.aes,TRUE
ggplot2,3.2.0,geom_sf,mapping,aes()
ggplot2,3.2.0,geom_sf,data,NULL
ggplot2,3.2.0,geom_sf,stat,sf
ggplot2,3.2.0,geom_sf,position,identity
ggplot2,3.2.0,geom_sf,na.rm,FALSE
ggplot2,3.2.0,geom_sf,show.legend,"NA"
ggplot2,3.2.0,geom_sf,inherit.aes,TRUE
ggplot2,3.2.0,geom_sf,...,
ggplot2,3.2.0,geom_sf_label,mapping,aes()
ggplot2,3.2.0,geom_sf_label,data,NULL
ggplot2,3.2.0,geom_sf_label,stat,sf_coordinates
ggplot2,3.2.0,geom_sf_label,position,identity
ggplot2,3.2.0,geom_sf_label,...,
ggplot2,3.2.0,geom_sf_label,parse,FALSE
ggplot2,3.2.0,geom_sf_label,nudge_x,0
ggplot2,3.2.0,geom_sf_label,nudge_y,0
ggplot2,3.2.0,geom_sf_label,label.padding,"unit(0.25, ""lines"")"
ggplot2,3.2.0,geom_sf_label,label.r,"unit(0.15, ""lines"")"
ggplot2,3.2.0,geom_sf_label,label.size,0.25
ggplot2,3.2.0,geom_sf_label,na.rm,FALSE
ggplot2,3.2.0,geom_sf_label,show.legend,"NA"
ggplot2,3.2.0,geom_sf_label,inherit.aes,TRUE
ggplot2,3.2.0,geom_sf_label,fun.geometry,NULL
ggplot2,3.2.0,geom_sf_text,mapping,aes()
ggplot2,3.2.0,geom_sf_text,data,NULL
ggplot2,3.2.0,geom_sf_text,stat,sf_coordinates
ggplot2,3.2.0,geom_sf_text,position,identity
ggplot2,3.2.0,geom_sf_text,...,
ggplot2,3.2.0,geom_sf_text,parse,FALSE
ggplot2,3.2.0,geom_sf_text,nudge_x,0
ggplot2,3.2.0,geom_sf_text,nudge_y,0
ggplot2,3.2.0,geom_sf_text,check_overlap,FALSE
ggplot2,3.2.0,geom_sf_text,na.rm,FALSE
ggplot2,3.2.0,geom_sf_text,show.legend,"NA"
ggplot2,3.2.0,geom_sf_text,inherit.aes,TRUE
ggplot2,3.2.0,geom_sf_text,fun.geometry,NULL
ggplot2,3.2.0,geom_smooth,mapping,NULL
ggplot2,3.2.0,geom_smooth,data,NULL
ggplot2,3.2.0,geom_smooth,stat,smooth
ggplot2,3.2.0,geom_smooth,position,identity
ggplot2,3.2.0,geom_smooth,...,
ggplot2,3.2.0,geom_smooth,method,auto
ggplot2,3.2.0,geom_smooth,formula,y ~ x
ggplot2,3.2.0,geom_smooth,se,TRUE
ggplot2,3.2.0,geom_smooth,na.rm,FALSE
ggplot2,3.2.0,geom_smooth,show.legend,"NA"
ggplot2,3.2.0,geom_smooth,inherit.aes,TRUE
ggplot2,3.2.0,geom_spoke,mapping,NULL
ggplot2,3.2.0,geom_spoke,data,NULL
ggplot2,3.2.0,geom_spoke,stat,identity
ggplot2,3.2.0,geom_spoke,position,identity
ggplot2,3.2.0,geom_spoke,...,
ggplot2,3.2.0,geom_spoke,na.rm,FALSE
ggplot2,3.2.0,geom_spoke,show.legend,"NA"
ggplot2,3.2.0,geom_spoke,inherit.aes,TRUE
ggplot2,3.2.0,stat_spoke,...,
ggplot2,3.2.0,geom_text,mapping,NULL
ggplot2,3.2.0,geom_text,data,NULL
ggplot2,3.2.0,geom_text,stat,identity
ggplot2,3.2.0,geom_text,position,identity
ggplot2,3.2.0,geom_text,...,
ggplot2,3.2.0,geom_text,parse,FALSE
ggplot2,3.2.0,geom_text,nudge_x,0
ggplot2,3.2.0,geom_text,nudge_y,0
ggplot2,3.2.0,geom_text,check_overlap,FALSE
ggplot2,3.2.0,geom_text,na.rm,FALSE
ggplot2,3.2.0,geom_text,show.legend,"NA"
ggplot2,3.2.0,geom_text,inherit.aes,TRUE
ggplot2,3.2.0,geom_tile,mapping,NULL
ggplot2,3.2.0,geom_tile,data,NULL
ggplot2,3.2.0,geom_tile,stat,identity
ggplot2,3.2.0,geom_tile,position,identity
ggplot2,3.2.0,geom_tile,...,
ggplot2,3.2.0,geom_tile,linejoin,mitre
ggplot2,3.2.0,geom_tile,na.rm,FALSE
ggplot2,3.2.0,geom_tile,show.legend,"NA"
ggplot2,3.2.0,geom_tile,inherit.aes,TRUE
ggplot2,3.2.0,geom_violin,mapping,NULL
ggplot2,3.2.0,geom_violin,data,NULL
ggplot2,3.2.0,geom_violin,stat,ydensity
ggplot2,3.2.0,geom_violin,position,dodge
ggplot2,3.2.0,geom_violin,...,
ggplot2,3.2.0,geom_violin,draw_quantiles,NULL
ggplot2,3.2.0,geom_violin,trim,TRUE
ggplot2,3.2.0,geom_violin,scale,area
ggplot2,3.2.0,geom_violin,na.rm,FALSE
ggplot2,3.2.0,geom_violin,show.legend,"NA"
ggplot2,3.2.0,geom_violin,inherit.aes,TRUE
ggplot2,3.2.0,geom_vline,mapping,NULL
ggplot2,3.2.0,geom_vline,data,NULL
ggplot2,3.2.0,geom_vline,...,
ggplot2,3.2.0,geom_vline,xintercept,
ggplot2,3.2.0,geom_vline,na.rm,FALSE
ggplot2,3.2.0,geom_vline,show.legend,"NA"
ggplot2,3.2.0,absoluteGrob,grob,
ggplot2,3.2.0,absoluteGrob,width,NULL
ggplot2,3.2.0,absoluteGrob,height,NULL
ggplot2,3.2.0,absoluteGrob,xmin,NULL
ggplot2,3.2.0,absoluteGrob,ymin,NULL
ggplot2,3.2.0,absoluteGrob,vp,NULL
ggplot2,3.2.0,grobHeight.absoluteGrob,x,
ggplot2,3.2.0,grobWidth.absoluteGrob,x,
ggplot2,3.2.0,grobX.absoluteGrob,x,
ggplot2,3.2.0,grobX.absoluteGrob,theta,
ggplot2,3.2.0,grobY.absoluteGrob,x,
ggplot2,3.2.0,grobY.absoluteGrob,theta,
ggplot2,3.2.0,grid.draw.absoluteGrob,x,
ggplot2,3.2.0,grid.draw.absoluteGrob,recording,TRUE
ggplot2,3.2.0,makeContext.dotstackGrob,x,
ggplot2,3.2.0,makeContext.dotstackGrob,recording,TRUE
ggplot2,3.2.0,widthDetails.zeroGrob,x,
ggplot2,3.2.0,heightDetails.zeroGrob,x,
ggplot2,3.2.0,grobWidth.zeroGrob,x,
ggplot2,3.2.0,grobHeight.zeroGrob,x,
ggplot2,3.2.0,drawDetails.zeroGrob,x,
ggplot2,3.2.0,drawDetails.zeroGrob,recording,
ggplot2,3.2.0,guide_colourbar,title,waiver()
ggplot2,3.2.0,guide_colourbar,title.position,NULL
ggplot2,3.2.0,guide_colourbar,title.theme,NULL
ggplot2,3.2.0,guide_colourbar,title.hjust,NULL
ggplot2,3.2.0,guide_colourbar,title.vjust,NULL
ggplot2,3.2.0,guide_colourbar,label,TRUE
ggplot2,3.2.0,guide_colourbar,label.position,NULL
ggplot2,3.2.0,guide_colourbar,label.theme,NULL
ggplot2,3.2.0,guide_colourbar,label.hjust,NULL
ggplot2,3.2.0,guide_colourbar,label.vjust,NULL
ggplot2,3.2.0,guide_colourbar,barwidth,NULL
ggplot2,3.2.0,guide_colourbar,barheight,NULL
ggplot2,3.2.0,guide_colourbar,nbin,20
ggplot2,3.2.0,guide_colourbar,raster,TRUE
ggplot2,3.2.0,guide_colourbar,frame.colour,NULL
ggplot2,3.2.0,guide_colourbar,frame.linewidth,0.5
ggplot2,3.2.0,guide_colourbar,frame.linetype,1
ggplot2,3.2.0,guide_colourbar,ticks,TRUE
ggplot2,3.2.0,guide_colourbar,ticks.colour,white
ggplot2,3.2.0,guide_colourbar,ticks.linewidth,0.5
ggplot2,3.2.0,guide_colourbar,draw.ulim,TRUE
ggplot2,3.2.0,guide_colourbar,draw.llim,TRUE
ggplot2,3.2.0,guide_colourbar,direction,NULL
ggplot2,3.2.0,guide_colourbar,default.unit,line
ggplot2,3.2.0,guide_colourbar,reverse,FALSE
ggplot2,3.2.0,guide_colourbar,order,0
ggplot2,3.2.0,guide_colourbar,available_aes,"c(""colour"", ""color"", ""fill"")"
ggplot2,3.2.0,guide_colourbar,...,
ggplot2,3.2.0,guide_train.colorbar,guide,
ggplot2,3.2.0,guide_train.colorbar,scale,
ggplot2,3.2.0,guide_train.colorbar,aesthetic,NULL
ggplot2,3.2.0,guide_merge.colorbar,guide,
ggplot2,3.2.0,guide_merge.colorbar,new_guide,
ggplot2,3.2.0,guide_geom.colorbar,guide,
ggplot2,3.2.0,guide_geom.colorbar,layers,
ggplot2,3.2.0,guide_geom.colorbar,default_mapping,
ggplot2,3.2.0,guide_gengrob.colorbar,guide,
ggplot2,3.2.0,guide_gengrob.colorbar,theme,
ggplot2,3.2.0,guide_colorbar,title,waiver()
ggplot2,3.2.0,guide_colorbar,title.position,NULL
ggplot2,3.2.0,guide_colorbar,title.theme,NULL
ggplot2,3.2.0,guide_colorbar,title.hjust,NULL
ggplot2,3.2.0,guide_colorbar,title.vjust,NULL
ggplot2,3.2.0,guide_colorbar,label,TRUE
ggplot2,3.2.0,guide_colorbar,label.position,NULL
ggplot2,3.2.0,guide_colorbar,label.theme,NULL
ggplot2,3.2.0,guide_colorbar,label.hjust,NULL
ggplot2,3.2.0,guide_colorbar,label.vjust,NULL
ggplot2,3.2.0,guide_colorbar,barwidth,NULL
ggplot2,3.2.0,guide_colorbar,barheight,NULL
ggplot2,3.2.0,guide_colorbar,nbin,20
ggplot2,3.2.0,guide_colorbar,raster,TRUE
ggplot2,3.2.0,guide_colorbar,frame.colour,NULL
ggplot2,3.2.0,guide_colorbar,frame.linewidth,0.5
ggplot2,3.2.0,guide_colorbar,frame.linetype,1
ggplot2,3.2.0,guide_colorbar,ticks,TRUE
ggplot2,3.2.0,guide_colorbar,ticks.colour,white
ggplot2,3.2.0,guide_colorbar,ticks.linewidth,0.5
ggplot2,3.2.0,guide_colorbar,draw.ulim,TRUE
ggplot2,3.2.0,guide_colorbar,draw.llim,TRUE
ggplot2,3.2.0,guide_colorbar,direction,NULL
ggplot2,3.2.0,guide_colorbar,default.unit,line
ggplot2,3.2.0,guide_colorbar,reverse,FALSE
ggplot2,3.2.0,guide_colorbar,order,0
ggplot2,3.2.0,guide_colorbar,available_aes,"c(""colour"", ""color"", ""fill"")"
ggplot2,3.2.0,guide_colorbar,...,
ggplot2,3.2.0,label_just_defaults.colorbar,direction,
ggplot2,3.2.0,label_just_defaults.colorbar,position,
ggplot2,3.2.0,guide_legend,title,waiver()
ggplot2,3.2.0,guide_legend,title.position,NULL
ggplot2,3.2.0,guide_legend,title.theme,NULL
ggplot2,3.2.0,guide_legend,title.hjust,NULL
ggplot2,3.2.0,guide_legend,title.vjust,NULL
ggplot2,3.2.0,guide_legend,label,TRUE
ggplot2,3.2.0,guide_legend,label.position,NULL
ggplot2,3.2.0,guide_legend,label.theme,NULL
ggplot2,3.2.0,guide_legend,label.hjust,NULL
ggplot2,3.2.0,guide_legend,label.vjust,NULL
ggplot2,3.2.0,guide_legend,keywidth,NULL
ggplot2,3.2.0,guide_legend,keyheight,NULL
ggplot2,3.2.0,guide_legend,direction,NULL
ggplot2,3.2.0,guide_legend,default.unit,line
ggplot2,3.2.0,guide_legend,override.aes,list()
ggplot2,3.2.0,guide_legend,nrow,NULL
ggplot2,3.2.0,guide_legend,ncol,NULL
ggplot2,3.2.0,guide_legend,byrow,FALSE
ggplot2,3.2.0,guide_legend,reverse,FALSE
ggplot2,3.2.0,guide_legend,order,0
ggplot2,3.2.0,guide_legend,...,
ggplot2,3.2.0,guide_train.legend,guide,
ggplot2,3.2.0,guide_train.legend,scale,
ggplot2,3.2.0,guide_train.legend,aesthetic,NULL
ggplot2,3.2.0,guide_merge.legend,guide,
ggplot2,3.2.0,guide_merge.legend,new_guide,
ggplot2,3.2.0,guide_geom.legend,guide,
ggplot2,3.2.0,guide_geom.legend,layers,
ggplot2,3.2.0,guide_geom.legend,default_mapping,
ggplot2,3.2.0,guide_gengrob.legend,guide,
ggplot2,3.2.0,guide_gengrob.legend,theme,
ggplot2,3.2.0,label_just_defaults.legend,direction,
ggplot2,3.2.0,label_just_defaults.legend,position,
ggplot2,3.2.0,guides,...,
ggplot2,3.2.0,guide_train,guide,
ggplot2,3.2.0,guide_train,scale,
ggplot2,3.2.0,guide_train,aesthetic,NULL
ggplot2,3.2.0,guide_merge,guide,
ggplot2,3.2.0,guide_merge,new_guide,
ggplot2,3.2.0,guide_geom,guide,
ggplot2,3.2.0,guide_geom,layers,
ggplot2,3.2.0,guide_geom,default_mapping,
ggplot2,3.2.0,guide_gengrob,guide,
ggplot2,3.2.0,guide_gengrob,theme,
ggplot2,3.2.0,label_value,labels,
ggplot2,3.2.0,label_value,multi_line,TRUE
ggplot2,3.2.0,label_both,labels,
ggplot2,3.2.0,label_both,multi_line,TRUE
ggplot2,3.2.0,label_both,sep,: 
ggplot2,3.2.0,label_context,labels,
ggplot2,3.2.0,label_context,multi_line,TRUE
ggplot2,3.2.0,label_context,sep,: 
ggplot2,3.2.0,label_parsed,labels,
ggplot2,3.2.0,label_parsed,multi_line,TRUE
ggplot2,3.2.0,label_bquote,rows,NULL
ggplot2,3.2.0,label_bquote,cols,NULL
ggplot2,3.2.0,label_bquote,default,
ggplot2,3.2.0,label_wrap_gen,width,25
ggplot2,3.2.0,label_wrap_gen,multi_line,TRUE
ggplot2,3.2.0,as_labeller,x,
ggplot2,3.2.0,as_labeller,default,label_value
ggplot2,3.2.0,as_labeller,multi_line,TRUE
ggplot2,3.2.0,labeller,...,
ggplot2,3.2.0,labeller,.rows,NULL
ggplot2,3.2.0,labeller,.cols,NULL
ggplot2,3.2.0,labeller,keep.as.numeric,NULL
ggplot2,3.2.0,labeller,.multi_line,TRUE
ggplot2,3.2.0,labeller,.default,label_value
ggplot2,3.2.0,build_strip,label_df,
ggplot2,3.2.0,build_strip,labeller,
ggplot2,3.2.0,build_strip,theme,
ggplot2,3.2.0,build_strip,horizontal,
ggplot2,3.2.0,create_strip_labels,labels,
ggplot2,3.2.0,create_strip_labels,element,
ggplot2,3.2.0,create_strip_labels,gp,
ggplot2,3.2.0,ggstrip,grobs,
ggplot2,3.2.0,ggstrip,theme,
ggplot2,3.2.0,ggstrip,element,
ggplot2,3.2.0,ggstrip,gp,
ggplot2,3.2.0,ggstrip,horizontal,TRUE
ggplot2,3.2.0,ggstrip,clip,
ggplot2,3.2.0,update_labels,p,
ggplot2,3.2.0,update_labels,labels,
ggplot2,3.2.0,labs,...,
ggplot2,3.2.0,labs,title,waiver()
ggplot2,3.2.0,labs,subtitle,waiver()
ggplot2,3.2.0,labs,caption,waiver()
ggplot2,3.2.0,labs,tag,waiver()
ggplot2,3.2.0,xlab,label,
ggplot2,3.2.0,ylab,label,
ggplot2,3.2.0,ggtitle,label,
ggplot2,3.2.0,ggtitle,subtitle,waiver()
ggplot2,3.2.0,layer,geom,NULL
ggplot2,3.2.0,layer,stat,NULL
ggplot2,3.2.0,layer,data,NULL
ggplot2,3.2.0,layer,mapping,NULL
ggplot2,3.2.0,layer,position,NULL
ggplot2,3.2.0,layer,params,list()
ggplot2,3.2.0,layer,inherit.aes,TRUE
ggplot2,3.2.0,layer,check.aes,TRUE
ggplot2,3.2.0,layer,check.param,TRUE
ggplot2,3.2.0,layer,show.legend,"NA"
ggplot2,3.2.0,layer,key_glyph,NULL
ggplot2,3.2.0,layer,layer_class,Layer
ggplot2,3.2.0,layer_sf,geom,NULL
ggplot2,3.2.0,layer_sf,stat,NULL
ggplot2,3.2.0,layer_sf,data,NULL
ggplot2,3.2.0,layer_sf,mapping,NULL
ggplot2,3.2.0,layer_sf,position,NULL
ggplot2,3.2.0,layer_sf,params,list()
ggplot2,3.2.0,layer_sf,inherit.aes,TRUE
ggplot2,3.2.0,layer_sf,check.aes,TRUE
ggplot2,3.2.0,layer_sf,check.param,TRUE
ggplot2,3.2.0,layer_sf,show.legend,"NA"
ggplot2,3.2.0,scale_type.sfc,x,
ggplot2,3.2.0,lims,...,
ggplot2,3.2.0,xlim,...,
ggplot2,3.2.0,ylim,...,
ggplot2,3.2.0,limits,lims,
ggplot2,3.2.0,limits,var,
ggplot2,3.2.0,limits.numeric,lims,
ggplot2,3.2.0,limits.numeric,var,
ggplot2,3.2.0,limits.character,lims,
ggplot2,3.2.0,limits.character,var,
ggplot2,3.2.0,limits.factor,lims,
ggplot2,3.2.0,limits.factor,var,
ggplot2,3.2.0,limits.Date,lims,
ggplot2,3.2.0,limits.Date,var,
ggplot2,3.2.0,limits.POSIXct,lims,
ggplot2,3.2.0,limits.POSIXct,var,
ggplot2,3.2.0,limits.POSIXlt,lims,
ggplot2,3.2.0,limits.POSIXlt,var,
ggplot2,3.2.0,expand_limits,...,
ggplot2,3.2.0,margin,t,0
ggplot2,3.2.0,margin,r,0
ggplot2,3.2.0,margin,b,0
ggplot2,3.2.0,margin,l,0
ggplot2,3.2.0,margin,unit,pt
ggplot2,3.2.0,title_spec,label,
ggplot2,3.2.0,title_spec,x,
ggplot2,3.2.0,title_spec,y,
ggplot2,3.2.0,title_spec,hjust,
ggplot2,3.2.0,title_spec,vjust,
ggplot2,3.2.0,title_spec,angle,
ggplot2,3.2.0,title_spec,gp,gpar()
ggplot2,3.2.0,title_spec,debug,FALSE
ggplot2,3.2.0,add_margins,grob,
ggplot2,3.2.0,add_margins,height,
ggplot2,3.2.0,add_margins,width,
ggplot2,3.2.0,add_margins,margin,NULL
ggplot2,3.2.0,add_margins,gp,gpar()
ggplot2,3.2.0,add_margins,margin_x,FALSE
ggplot2,3.2.0,add_margins,margin_y,FALSE
ggplot2,3.2.0,titleGrob,label,
ggplot2,3.2.0,titleGrob,x,
ggplot2,3.2.0,titleGrob,y,
ggplot2,3.2.0,titleGrob,hjust,
ggplot2,3.2.0,titleGrob,vjust,
ggplot2,3.2.0,titleGrob,angle,0
ggplot2,3.2.0,titleGrob,gp,gpar()
ggplot2,3.2.0,titleGrob,margin,NULL
ggplot2,3.2.0,titleGrob,margin_x,FALSE
ggplot2,3.2.0,titleGrob,margin_y,FALSE
ggplot2,3.2.0,titleGrob,debug,FALSE
ggplot2,3.2.0,widthDetails.titleGrob,x,
ggplot2,3.2.0,heightDetails.titleGrob,x,
ggplot2,3.2.0,justify_grobs,grobs,
ggplot2,3.2.0,justify_grobs,x,NULL
ggplot2,3.2.0,justify_grobs,y,NULL
ggplot2,3.2.0,justify_grobs,hjust,0.5
ggplot2,3.2.0,justify_grobs,vjust,0.5
ggplot2,3.2.0,justify_grobs,int_angle,0
ggplot2,3.2.0,justify_grobs,debug,FALSE
ggplot2,3.2.0,rotate_just,angle,
ggplot2,3.2.0,rotate_just,hjust,
ggplot2,3.2.0,rotate_just,vjust,
ggplot2,3.2.0,ggplot_build,plot,
ggplot2,3.2.0,ggplot_build.ggplot,plot,
ggplot2,3.2.0,layer_data,plot,
ggplot2,3.2.0,layer_data,i,1
ggplot2,3.2.0,layer_scales,plot,
ggplot2,3.2.0,layer_scales,i,1
ggplot2,3.2.0,layer_scales,j,1
ggplot2,3.2.0,layer_grob,plot,
ggplot2,3.2.0,layer_grob,i,1
ggplot2,3.2.0,ggplot_gtable,data,
ggplot2,3.2.0,ggplot_gtable.ggplot_built,data,
ggplot2,3.2.0,ggplotGrob,x,
ggplot2,3.2.0,+.gg,e1,
ggplot2,3.2.0,+.gg,e2,
ggplot2,3.2.0,%+%,e1,
ggplot2,3.2.0,%+%,e2,
ggplot2,3.2.0,ggplot_add,object,
ggplot2,3.2.0,ggplot_add,plot,
ggplot2,3.2.0,ggplot_add,object_name,
ggplot2,3.2.0,ggplot_add.default,object,
ggplot2,3.2.0,ggplot_add.default,plot,
ggplot2,3.2.0,ggplot_add.default,object_name,
ggplot2,3.2.0,ggplot_add.NULL,object,
ggplot2,3.2.0,ggplot_add.NULL,plot,
ggplot2,3.2.0,ggplot_add.NULL,object_name,
ggplot2,3.2.0,ggplot_add.data.frame,object,
ggplot2,3.2.0,ggplot_add.data.frame,plot,
ggplot2,3.2.0,ggplot_add.data.frame,object_name,
ggplot2,3.2.0,ggplot_add.theme,object,
ggplot2,3.2.0,ggplot_add.theme,plot,
ggplot2,3.2.0,ggplot_add.theme,object_name,
ggplot2,3.2.0,ggplot_add.Scale,object,
ggplot2,3.2.0,ggplot_add.Scale,plot,
ggplot2,3.2.0,ggplot_add.Scale,object_name,
ggplot2,3.2.0,ggplot_add.labels,object,
ggplot2,3.2.0,ggplot_add.labels,plot,
ggplot2,3.2.0,ggplot_add.labels,object_name,
ggplot2,3.2.0,ggplot_add.guides,object,
ggplot2,3.2.0,ggplot_add.guides,plot,
ggplot2,3.2.0,ggplot_add.guides,object_name,
ggplot2,3.2.0,ggplot_add.uneval,object,
ggplot2,3.2.0,ggplot_add.uneval,plot,
ggplot2,3.2.0,ggplot_add.uneval,object_name,
ggplot2,3.2.0,ggplot_add.Coord,object,
ggplot2,3.2.0,ggplot_add.Coord,plot,
ggplot2,3.2.0,ggplot_add.Coord,object_name,
ggplot2,3.2.0,ggplot_add.Facet,object,
ggplot2,3.2.0,ggplot_add.Facet,plot,
ggplot2,3.2.0,ggplot_add.Facet,object_name,
ggplot2,3.2.0,ggplot_add.list,object,
ggplot2,3.2.0,ggplot_add.list,plot,
ggplot2,3.2.0,ggplot_add.list,object_name,
ggplot2,3.2.0,ggplot_add.Layer,object,
ggplot2,3.2.0,ggplot_add.Layer,plot,
ggplot2,3.2.0,ggplot_add.Layer,object_name,
ggplot2,3.2.0,set_last_plot,value,
ggplot2,3.2.0,ggplot,data,NULL
ggplot2,3.2.0,ggplot,mapping,aes()
ggplot2,3.2.0,ggplot,...,
ggplot2,3.2.0,ggplot,environment,parent.frame()
ggplot2,3.2.0,ggplot.default,data,NULL
ggplot2,3.2.0,ggplot.default,mapping,aes()
ggplot2,3.2.0,ggplot.default,...,
ggplot2,3.2.0,ggplot.default,environment,parent.frame()
ggplot2,3.2.0,ggplot.function,data,NULL
ggplot2,3.2.0,ggplot.function,mapping,aes()
ggplot2,3.2.0,ggplot.function,...,
ggplot2,3.2.0,ggplot.function,environment,parent.frame()
ggplot2,3.2.0,is.ggplot,x,
ggplot2,3.2.0,print.ggplot,x,
ggplot2,3.2.0,print.ggplot,newpage,is.null(vp)
ggplot2,3.2.0,print.ggplot,vp,NULL
ggplot2,3.2.0,print.ggplot,...,
ggplot2,3.2.0,plot.ggplot,x,
ggplot2,3.2.0,plot.ggplot,newpage,is.null(vp)
ggplot2,3.2.0,plot.ggplot,vp,NULL
ggplot2,3.2.0,plot.ggplot,...,
ggplot2,3.2.0,transform_position,df,
ggplot2,3.2.0,transform_position,trans_x,NULL
ggplot2,3.2.0,transform_position,trans_y,NULL
ggplot2,3.2.0,transform_position,...,
ggplot2,3.2.0,position_dodge,width,NULL
ggplot2,3.2.0,position_dodge,preserve,"c(""total"", ""single"")"
ggplot2,3.2.0,position_dodge2,width,NULL
ggplot2,3.2.0,position_dodge2,preserve,"c(""total"", ""single"")"
ggplot2,3.2.0,position_dodge2,padding,0.1
ggplot2,3.2.0,position_dodge2,reverse,FALSE
ggplot2,3.2.0,position_jitter,width,NULL
ggplot2,3.2.0,position_jitter,height,NULL
ggplot2,3.2.0,position_jitter,seed,"NA"
ggplot2,3.2.0,position_jitterdodge,jitter.width,NULL
ggplot2,3.2.0,position_jitterdodge,jitter.height,0
ggplot2,3.2.0,position_jitterdodge,dodge.width,0.75
ggplot2,3.2.0,position_jitterdodge,seed,"NA"
ggplot2,3.2.0,position_nudge,x,0
ggplot2,3.2.0,position_nudge,y,0
ggplot2,3.2.0,position_stack,vjust,1
ggplot2,3.2.0,position_stack,reverse,FALSE
ggplot2,3.2.0,position_fill,vjust,1
ggplot2,3.2.0,position_fill,reverse,FALSE
ggplot2,3.2.0,qplot,x,
ggplot2,3.2.0,qplot,y,
ggplot2,3.2.0,qplot,...,
ggplot2,3.2.0,qplot,data,
ggplot2,3.2.0,qplot,facets,NULL
ggplot2,3.2.0,qplot,margins,FALSE
ggplot2,3.2.0,qplot,geom,auto
ggplot2,3.2.0,qplot,xlim,"c(NA, NA)"
ggplot2,3.2.0,qplot,ylim,"c(NA, NA)"
ggplot2,3.2.0,qplot,log,
ggplot2,3.2.0,qplot,main,NULL
ggplot2,3.2.0,qplot,xlab,NULL
ggplot2,3.2.0,qplot,ylab,NULL
ggplot2,3.2.0,qplot,asp,"NA"
ggplot2,3.2.0,qplot,stat,NULL
ggplot2,3.2.0,qplot,position,NULL
ggplot2,3.2.0,quickplot,x,
ggplot2,3.2.0,quickplot,y,
ggplot2,3.2.0,quickplot,...,
ggplot2,3.2.0,quickplot,data,
ggplot2,3.2.0,quickplot,facets,NULL
ggplot2,3.2.0,quickplot,margins,FALSE
ggplot2,3.2.0,quickplot,geom,auto
ggplot2,3.2.0,quickplot,xlim,"c(NA, NA)"
ggplot2,3.2.0,quickplot,ylim,"c(NA, NA)"
ggplot2,3.2.0,quickplot,log,
ggplot2,3.2.0,quickplot,main,NULL
ggplot2,3.2.0,quickplot,xlab,NULL
ggplot2,3.2.0,quickplot,ylab,NULL
ggplot2,3.2.0,quickplot,asp,"NA"
ggplot2,3.2.0,quickplot,stat,NULL
ggplot2,3.2.0,quickplot,position,NULL
ggplot2,3.2.0,ggsave,filename,
ggplot2,3.2.0,ggsave,plot,last_plot()
ggplot2,3.2.0,ggsave,device,NULL
ggplot2,3.2.0,ggsave,path,NULL
ggplot2,3.2.0,ggsave,scale,1
ggplot2,3.2.0,ggsave,width,"NA"
ggplot2,3.2.0,ggsave,height,"NA"
ggplot2,3.2.0,ggsave,units,"c(""in"", ""cm"", ""mm"")"
ggplot2,3.2.0,ggsave,dpi,300
ggplot2,3.2.0,ggsave,limitsize,TRUE
ggplot2,3.2.0,ggsave,...,
ggplot2,3.2.0,parse_dpi,dpi,
ggplot2,3.2.0,grid.draw.ggplot,x,
ggplot2,3.2.0,grid.draw.ggplot,recording,TRUE
ggplot2,3.2.0,continuous_scale,aesthetics,
ggplot2,3.2.0,continuous_scale,scale_name,
ggplot2,3.2.0,continuous_scale,palette,
ggplot2,3.2.0,continuous_scale,name,waiver()
ggplot2,3.2.0,continuous_scale,breaks,waiver()
ggplot2,3.2.0,continuous_scale,minor_breaks,waiver()
ggplot2,3.2.0,continuous_scale,labels,waiver()
ggplot2,3.2.0,continuous_scale,limits,NULL
ggplot2,3.2.0,continuous_scale,rescaler,rescale
ggplot2,3.2.0,continuous_scale,oob,censor
ggplot2,3.2.0,continuous_scale,expand,waiver()
ggplot2,3.2.0,continuous_scale,na.value,"NA"
ggplot2,3.2.0,continuous_scale,trans,identity
ggplot2,3.2.0,continuous_scale,guide,legend
ggplot2,3.2.0,continuous_scale,position,left
ggplot2,3.2.0,continuous_scale,super,ScaleContinuous
ggplot2,3.2.0,discrete_scale,aesthetics,
ggplot2,3.2.0,discrete_scale,scale_name,
ggplot2,3.2.0,discrete_scale,palette,
ggplot2,3.2.0,discrete_scale,name,waiver()
ggplot2,3.2.0,discrete_scale,breaks,waiver()
ggplot2,3.2.0,discrete_scale,labels,waiver()
ggplot2,3.2.0,discrete_scale,limits,NULL
ggplot2,3.2.0,discrete_scale,expand,waiver()
ggplot2,3.2.0,discrete_scale,na.translate,TRUE
ggplot2,3.2.0,discrete_scale,na.value,"NA"
ggplot2,3.2.0,discrete_scale,drop,TRUE
ggplot2,3.2.0,discrete_scale,guide,legend
ggplot2,3.2.0,discrete_scale,position,left
ggplot2,3.2.0,discrete_scale,super,ScaleDiscrete
ggplot2,3.2.0,scale_alpha,...,
ggplot2,3.2.0,scale_alpha,range,"c(0.1, 1)"
ggplot2,3.2.0,scale_alpha_continuous,...,
ggplot2,3.2.0,scale_alpha_continuous,range,"c(0.1, 1)"
ggplot2,3.2.0,scale_alpha_discrete,...,
ggplot2,3.2.0,scale_alpha_ordinal,...,
ggplot2,3.2.0,scale_alpha_ordinal,range,"c(0.1, 1)"
ggplot2,3.2.0,scale_alpha_datetime,...,
ggplot2,3.2.0,scale_alpha_datetime,range,"c(0.1, 1)"
ggplot2,3.2.0,scale_alpha_date,...,
ggplot2,3.2.0,scale_alpha_date,range,"c(0.1, 1)"
ggplot2,3.2.0,scale_colour_brewer,...,
ggplot2,3.2.0,scale_colour_brewer,type,seq
ggplot2,3.2.0,scale_colour_brewer,palette,1
ggplot2,3.2.0,scale_colour_brewer,direction,1
ggplot2,3.2.0,scale_colour_brewer,aesthetics,colour
ggplot2,3.2.0,scale_fill_brewer,...,
ggplot2,3.2.0,scale_fill_brewer,type,seq
ggplot2,3.2.0,scale_fill_brewer,palette,1
ggplot2,3.2.0,scale_fill_brewer,direction,1
ggplot2,3.2.0,scale_fill_brewer,aesthetics,fill
ggplot2,3.2.0,scale_colour_distiller,...,
ggplot2,3.2.0,scale_colour_distiller,type,seq
ggplot2,3.2.0,scale_colour_distiller,palette,1
ggplot2,3.2.0,scale_colour_distiller,direction,-1
ggplot2,3.2.0,scale_colour_distiller,values,NULL
ggplot2,3.2.0,scale_colour_distiller,space,Lab
ggplot2,3.2.0,scale_colour_distiller,na.value,grey50
ggplot2,3.2.0,scale_colour_distiller,guide,colourbar
ggplot2,3.2.0,scale_colour_distiller,aesthetics,colour
ggplot2,3.2.0,scale_fill_distiller,...,
ggplot2,3.2.0,scale_fill_distiller,type,seq
ggplot2,3.2.0,scale_fill_distiller,palette,1
ggplot2,3.2.0,scale_fill_distiller,direction,-1
ggplot2,3.2.0,scale_fill_distiller,values,NULL
ggplot2,3.2.0,scale_fill_distiller,space,Lab
ggplot2,3.2.0,scale_fill_distiller,na.value,grey50
ggplot2,3.2.0,scale_fill_distiller,guide,colourbar
ggplot2,3.2.0,scale_fill_distiller,aesthetics,fill
ggplot2,3.2.0,scale_colour_continuous,...,
ggplot2,3.2.0,scale_colour_continuous,type,"getOption(""ggplot2.continuous.colour"", default = ""gradient"")"
ggplot2,3.2.0,scale_fill_continuous,...,
ggplot2,3.2.0,scale_fill_continuous,type,"getOption(""ggplot2.continuous.fill"", default = ""gradient"")"
ggplot2,3.2.0,scale_x_continuous,name,waiver()
ggplot2,3.2.0,scale_x_continuous,breaks,waiver()
ggplot2,3.2.0,scale_x_continuous,minor_breaks,waiver()
ggplot2,3.2.0,scale_x_continuous,labels,waiver()
ggplot2,3.2.0,scale_x_continuous,limits,NULL
ggplot2,3.2.0,scale_x_continuous,expand,waiver()
ggplot2,3.2.0,scale_x_continuous,oob,censor
ggplot2,3.2.0,scale_x_continuous,na.value,"NA"
ggplot2,3.2.0,scale_x_continuous,trans,identity
ggplot2,3.2.0,scale_x_continuous,position,bottom
ggplot2,3.2.0,scale_x_continuous,sec.axis,waiver()
ggplot2,3.2.0,scale_y_continuous,name,waiver()
ggplot2,3.2.0,scale_y_continuous,breaks,waiver()
ggplot2,3.2.0,scale_y_continuous,minor_breaks,waiver()
ggplot2,3.2.0,scale_y_continuous,labels,waiver()
ggplot2,3.2.0,scale_y_continuous,limits,NULL
ggplot2,3.2.0,scale_y_continuous,expand,waiver()
ggplot2,3.2.0,scale_y_continuous,oob,censor
ggplot2,3.2.0,scale_y_continuous,na.value,"NA"
ggplot2,3.2.0,scale_y_continuous,trans,identity
ggplot2,3.2.0,scale_y_continuous,position,left
ggplot2,3.2.0,scale_y_continuous,sec.axis,waiver()
ggplot2,3.2.0,scale_x_log10,...,
ggplot2,3.2.0,scale_y_log10,...,
ggplot2,3.2.0,scale_x_reverse,...,
ggplot2,3.2.0,scale_y_reverse,...,
ggplot2,3.2.0,scale_x_sqrt,...,
ggplot2,3.2.0,scale_y_sqrt,...,
ggplot2,3.2.0,scale_x_date,name,waiver()
ggplot2,3.2.0,scale_x_date,breaks,waiver()
ggplot2,3.2.0,scale_x_date,date_breaks,waiver()
ggplot2,3.2.0,scale_x_date,labels,waiver()
ggplot2,3.2.0,scale_x_date,date_labels,waiver()
ggplot2,3.2.0,scale_x_date,minor_breaks,waiver()
ggplot2,3.2.0,scale_x_date,date_minor_breaks,waiver()
ggplot2,3.2.0,scale_x_date,limits,NULL
ggplot2,3.2.0,scale_x_date,expand,waiver()
ggplot2,3.2.0,scale_x_date,position,bottom
ggplot2,3.2.0,scale_x_date,sec.axis,waiver()
ggplot2,3.2.0,scale_y_date,name,waiver()
ggplot2,3.2.0,scale_y_date,breaks,waiver()
ggplot2,3.2.0,scale_y_date,date_breaks,waiver()
ggplot2,3.2.0,scale_y_date,labels,waiver()
ggplot2,3.2.0,scale_y_date,date_labels,waiver()
ggplot2,3.2.0,scale_y_date,minor_breaks,waiver()
ggplot2,3.2.0,scale_y_date,date_minor_breaks,waiver()
ggplot2,3.2.0,scale_y_date,limits,NULL
ggplot2,3.2.0,scale_y_date,expand,waiver()
ggplot2,3.2.0,scale_y_date,position,left
ggplot2,3.2.0,scale_y_date,sec.axis,waiver()
ggplot2,3.2.0,scale_x_datetime,name,waiver()
ggplot2,3.2.0,scale_x_datetime,breaks,waiver()
ggplot2,3.2.0,scale_x_datetime,date_breaks,waiver()
ggplot2,3.2.0,scale_x_datetime,labels,waiver()
ggplot2,3.2.0,scale_x_datetime,date_labels,waiver()
ggplot2,3.2.0,scale_x_datetime,minor_breaks,waiver()
ggplot2,3.2.0,scale_x_datetime,date_minor_breaks,waiver()
ggplot2,3.2.0,scale_x_datetime,timezone,NULL
ggplot2,3.2.0,scale_x_datetime,limits,NULL
ggplot2,3.2.0,scale_x_datetime,expand,waiver()
ggplot2,3.2.0,scale_x_datetime,position,bottom
ggplot2,3.2.0,scale_x_datetime,sec.axis,waiver()
ggplot2,3.2.0,scale_y_datetime,name,waiver()
ggplot2,3.2.0,scale_y_datetime,breaks,waiver()
ggplot2,3.2.0,scale_y_datetime,date_breaks,waiver()
ggplot2,3.2.0,scale_y_datetime,labels,waiver()
ggplot2,3.2.0,scale_y_datetime,date_labels,waiver()
ggplot2,3.2.0,scale_y_datetime,minor_breaks,waiver()
ggplot2,3.2.0,scale_y_datetime,date_minor_breaks,waiver()
ggplot2,3.2.0,scale_y_datetime,timezone,NULL
ggplot2,3.2.0,scale_y_datetime,limits,NULL
ggplot2,3.2.0,scale_y_datetime,expand,waiver()
ggplot2,3.2.0,scale_y_datetime,position,left
ggplot2,3.2.0,scale_y_datetime,sec.axis,waiver()
ggplot2,3.2.0,scale_x_time,name,waiver()
ggplot2,3.2.0,scale_x_time,breaks,waiver()
ggplot2,3.2.0,scale_x_time,minor_breaks,waiver()
ggplot2,3.2.0,scale_x_time,labels,waiver()
ggplot2,3.2.0,scale_x_time,limits,NULL
ggplot2,3.2.0,scale_x_time,expand,waiver()
ggplot2,3.2.0,scale_x_time,oob,censor
ggplot2,3.2.0,scale_x_time,na.value,"NA"
ggplot2,3.2.0,scale_x_time,position,bottom
ggplot2,3.2.0,scale_x_time,sec.axis,waiver()
ggplot2,3.2.0,scale_y_time,name,waiver()
ggplot2,3.2.0,scale_y_time,breaks,waiver()
ggplot2,3.2.0,scale_y_time,minor_breaks,waiver()
ggplot2,3.2.0,scale_y_time,labels,waiver()
ggplot2,3.2.0,scale_y_time,limits,NULL
ggplot2,3.2.0,scale_y_time,expand,waiver()
ggplot2,3.2.0,scale_y_time,oob,censor
ggplot2,3.2.0,scale_y_time,na.value,"NA"
ggplot2,3.2.0,scale_y_time,position,left
ggplot2,3.2.0,scale_y_time,sec.axis,waiver()
ggplot2,3.2.0,scale_x_discrete,...,
ggplot2,3.2.0,scale_x_discrete,expand,waiver()
ggplot2,3.2.0,scale_x_discrete,position,bottom
ggplot2,3.2.0,scale_y_discrete,...,
ggplot2,3.2.0,scale_y_discrete,expand,waiver()
ggplot2,3.2.0,scale_y_discrete,position,left
ggplot2,3.2.0,scale_colour_gradient,...,
ggplot2,3.2.0,scale_colour_gradient,low,#132B43
ggplot2,3.2.0,scale_colour_gradient,high,#56B1F7
ggplot2,3.2.0,scale_colour_gradient,space,Lab
ggplot2,3.2.0,scale_colour_gradient,na.value,grey50
ggplot2,3.2.0,scale_colour_gradient,guide,colourbar
ggplot2,3.2.0,scale_colour_gradient,aesthetics,colour
ggplot2,3.2.0,scale_fill_gradient,...,
ggplot2,3.2.0,scale_fill_gradient,low,#132B43
ggplot2,3.2.0,scale_fill_gradient,high,#56B1F7
ggplot2,3.2.0,scale_fill_gradient,space,Lab
ggplot2,3.2.0,scale_fill_gradient,na.value,grey50
ggplot2,3.2.0,scale_fill_gradient,guide,colourbar
ggplot2,3.2.0,scale_fill_gradient,aesthetics,fill
ggplot2,3.2.0,scale_colour_gradient2,...,
ggplot2,3.2.0,scale_colour_gradient2,low,"muted(""red"")"
ggplot2,3.2.0,scale_colour_gradient2,mid,white
ggplot2,3.2.0,scale_colour_gradient2,high,"muted(""blue"")"
ggplot2,3.2.0,scale_colour_gradient2,midpoint,0
ggplot2,3.2.0,scale_colour_gradient2,space,Lab
ggplot2,3.2.0,scale_colour_gradient2,na.value,grey50
ggplot2,3.2.0,scale_colour_gradient2,guide,colourbar
ggplot2,3.2.0,scale_colour_gradient2,aesthetics,colour
ggplot2,3.2.0,scale_fill_gradient2,...,
ggplot2,3.2.0,scale_fill_gradient2,low,"muted(""red"")"
ggplot2,3.2.0,scale_fill_gradient2,mid,white
ggplot2,3.2.0,scale_fill_gradient2,high,"muted(""blue"")"
ggplot2,3.2.0,scale_fill_gradient2,midpoint,0
ggplot2,3.2.0,scale_fill_gradient2,space,Lab
ggplot2,3.2.0,scale_fill_gradient2,na.value,grey50
ggplot2,3.2.0,scale_fill_gradient2,guide,colourbar
ggplot2,3.2.0,scale_fill_gradient2,aesthetics,fill
ggplot2,3.2.0,scale_colour_gradientn,...,
ggplot2,3.2.0,scale_colour_gradientn,colours,
ggplot2,3.2.0,scale_colour_gradientn,values,NULL
ggplot2,3.2.0,scale_colour_gradientn,space,Lab
ggplot2,3.2.0,scale_colour_gradientn,na.value,grey50
ggplot2,3.2.0,scale_colour_gradientn,guide,colourbar
ggplot2,3.2.0,scale_colour_gradientn,aesthetics,colour
ggplot2,3.2.0,scale_colour_gradientn,colors,
ggplot2,3.2.0,scale_fill_gradientn,...,
ggplot2,3.2.0,scale_fill_gradientn,colours,
ggplot2,3.2.0,scale_fill_gradientn,values,NULL
ggplot2,3.2.0,scale_fill_gradientn,space,Lab
ggplot2,3.2.0,scale_fill_gradientn,na.value,grey50
ggplot2,3.2.0,scale_fill_gradientn,guide,colourbar
ggplot2,3.2.0,scale_fill_gradientn,aesthetics,fill
ggplot2,3.2.0,scale_fill_gradientn,colors,
ggplot2,3.2.0,scale_colour_grey,...,
ggplot2,3.2.0,scale_colour_grey,start,0.2
ggplot2,3.2.0,scale_colour_grey,end,0.8
ggplot2,3.2.0,scale_colour_grey,na.value,red
ggplot2,3.2.0,scale_colour_grey,aesthetics,colour
ggplot2,3.2.0,scale_fill_grey,...,
ggplot2,3.2.0,scale_fill_grey,start,0.2
ggplot2,3.2.0,scale_fill_grey,end,0.8
ggplot2,3.2.0,scale_fill_grey,na.value,red
ggplot2,3.2.0,scale_fill_grey,aesthetics,fill
ggplot2,3.2.0,scale_colour_hue,...,
ggplot2,3.2.0,scale_colour_hue,h,"c(0, 360) + 15"
ggplot2,3.2.0,scale_colour_hue,c,100
ggplot2,3.2.0,scale_colour_hue,l,65
ggplot2,3.2.0,scale_colour_hue,h.start,0
ggplot2,3.2.0,scale_colour_hue,direction,1
ggplot2,3.2.0,scale_colour_hue,na.value,grey50
ggplot2,3.2.0,scale_colour_hue,aesthetics,colour
ggplot2,3.2.0,scale_fill_hue,...,
ggplot2,3.2.0,scale_fill_hue,h,"c(0, 360) + 15"
ggplot2,3.2.0,scale_fill_hue,c,100
ggplot2,3.2.0,scale_fill_hue,l,65
ggplot2,3.2.0,scale_fill_hue,h.start,0
ggplot2,3.2.0,scale_fill_hue,direction,1
ggplot2,3.2.0,scale_fill_hue,na.value,grey50
ggplot2,3.2.0,scale_fill_hue,aesthetics,fill
ggplot2,3.2.0,scale_colour_identity,...,
ggplot2,3.2.0,scale_colour_identity,guide,none
ggplot2,3.2.0,scale_colour_identity,aesthetics,colour
ggplot2,3.2.0,scale_fill_identity,...,
ggplot2,3.2.0,scale_fill_identity,guide,none
ggplot2,3.2.0,scale_fill_identity,aesthetics,fill
ggplot2,3.2.0,scale_shape_identity,...,
ggplot2,3.2.0,scale_shape_identity,guide,none
ggplot2,3.2.0,scale_linetype_identity,...,
ggplot2,3.2.0,scale_linetype_identity,guide,none
ggplot2,3.2.0,scale_alpha_identity,...,
ggplot2,3.2.0,scale_alpha_identity,guide,none
ggplot2,3.2.0,scale_size_identity,...,
ggplot2,3.2.0,scale_size_identity,guide,none
ggplot2,3.2.0,scale_discrete_identity,aesthetics,
ggplot2,3.2.0,scale_discrete_identity,...,
ggplot2,3.2.0,scale_discrete_identity,guide,none
ggplot2,3.2.0,scale_continuous_identity,aesthetics,
ggplot2,3.2.0,scale_continuous_identity,...,
ggplot2,3.2.0,scale_continuous_identity,guide,none
ggplot2,3.2.0,scale_linetype,...,
ggplot2,3.2.0,scale_linetype,na.value,blank
ggplot2,3.2.0,scale_linetype_continuous,...,
ggplot2,3.2.0,scale_linetype_discrete,...,
ggplot2,3.2.0,scale_linetype_discrete,na.value,blank
ggplot2,3.2.0,scale_colour_manual,...,
ggplot2,3.2.0,scale_colour_manual,values,
ggplot2,3.2.0,scale_colour_manual,aesthetics,colour
ggplot2,3.2.0,scale_fill_manual,...,
ggplot2,3.2.0,scale_fill_manual,values,
ggplot2,3.2.0,scale_fill_manual,aesthetics,fill
ggplot2,3.2.0,scale_size_manual,...,
ggplot2,3.2.0,scale_size_manual,values,
ggplot2,3.2.0,scale_shape_manual,...,
ggplot2,3.2.0,scale_shape_manual,values,
ggplot2,3.2.0,scale_linetype_manual,...,
ggplot2,3.2.0,scale_linetype_manual,values,
ggplot2,3.2.0,scale_alpha_manual,...,
ggplot2,3.2.0,scale_alpha_manual,values,
ggplot2,3.2.0,scale_discrete_manual,aesthetics,
ggplot2,3.2.0,scale_discrete_manual,...,
ggplot2,3.2.0,scale_discrete_manual,values,
ggplot2,3.2.0,scale_shape,...,
ggplot2,3.2.0,scale_shape,solid,TRUE
ggplot2,3.2.0,scale_shape_discrete,...,
ggplot2,3.2.0,scale_shape_discrete,solid,TRUE
ggplot2,3.2.0,scale_shape_ordinal,...,
ggplot2,3.2.0,scale_shape_continuous,...,
ggplot2,3.2.0,scale_size_continuous,name,waiver()
ggplot2,3.2.0,scale_size_continuous,breaks,waiver()
ggplot2,3.2.0,scale_size_continuous,labels,waiver()
ggplot2,3.2.0,scale_size_continuous,limits,NULL
ggplot2,3.2.0,scale_size_continuous,range,"c(1, 6)"
ggplot2,3.2.0,scale_size_continuous,trans,identity
ggplot2,3.2.0,scale_size_continuous,guide,legend
ggplot2,3.2.0,scale_radius,name,waiver()
ggplot2,3.2.0,scale_radius,breaks,waiver()
ggplot2,3.2.0,scale_radius,labels,waiver()
ggplot2,3.2.0,scale_radius,limits,NULL
ggplot2,3.2.0,scale_radius,range,"c(1, 6)"
ggplot2,3.2.0,scale_radius,trans,identity
ggplot2,3.2.0,scale_radius,guide,legend
ggplot2,3.2.0,scale_size,name,waiver()
ggplot2,3.2.0,scale_size,breaks,waiver()
ggplot2,3.2.0,scale_size,labels,waiver()
ggplot2,3.2.0,scale_size,limits,NULL
ggplot2,3.2.0,scale_size,range,"c(1, 6)"
ggplot2,3.2.0,scale_size,trans,identity
ggplot2,3.2.0,scale_size,guide,legend
ggplot2,3.2.0,scale_size_discrete,...,
ggplot2,3.2.0,scale_size_ordinal,...,
ggplot2,3.2.0,scale_size_ordinal,range,"c(2, 6)"
ggplot2,3.2.0,scale_size_area,...,
ggplot2,3.2.0,scale_size_area,max_size,6
ggplot2,3.2.0,scale_size_datetime,...,
ggplot2,3.2.0,scale_size_datetime,range,"c(1, 6)"
ggplot2,3.2.0,scale_size_date,...,
ggplot2,3.2.0,scale_size_date,range,"c(1, 6)"
ggplot2,3.2.0,scale_type,x,
ggplot2,3.2.0,scale_type.default,x,
ggplot2,3.2.0,scale_type.list,x,
ggplot2,3.2.0,scale_type.AsIs,x,
ggplot2,3.2.0,scale_type.logical,x,
ggplot2,3.2.0,scale_type.character,x,
ggplot2,3.2.0,scale_type.ordered,x,
ggplot2,3.2.0,scale_type.factor,x,
ggplot2,3.2.0,scale_type.POSIXt,x,
ggplot2,3.2.0,scale_type.Date,x,
ggplot2,3.2.0,scale_type.numeric,x,
ggplot2,3.2.0,scale_type.hms,x,
ggplot2,3.2.0,scale_colour_viridis_d,...,
ggplot2,3.2.0,scale_colour_viridis_d,alpha,1
ggplot2,3.2.0,scale_colour_viridis_d,begin,0
ggplot2,3.2.0,scale_colour_viridis_d,end,1
ggplot2,3.2.0,scale_colour_viridis_d,direction,1
ggplot2,3.2.0,scale_colour_viridis_d,option,D
ggplot2,3.2.0,scale_colour_viridis_d,aesthetics,colour
ggplot2,3.2.0,scale_fill_viridis_d,...,
ggplot2,3.2.0,scale_fill_viridis_d,alpha,1
ggplot2,3.2.0,scale_fill_viridis_d,begin,0
ggplot2,3.2.0,scale_fill_viridis_d,end,1
ggplot2,3.2.0,scale_fill_viridis_d,direction,1
ggplot2,3.2.0,scale_fill_viridis_d,option,D
ggplot2,3.2.0,scale_fill_viridis_d,aesthetics,fill
ggplot2,3.2.0,scale_colour_viridis_c,...,
ggplot2,3.2.0,scale_colour_viridis_c,alpha,1
ggplot2,3.2.0,scale_colour_viridis_c,begin,0
ggplot2,3.2.0,scale_colour_viridis_c,end,1
ggplot2,3.2.0,scale_colour_viridis_c,direction,1
ggplot2,3.2.0,scale_colour_viridis_c,option,D
ggplot2,3.2.0,scale_colour_viridis_c,values,NULL
ggplot2,3.2.0,scale_colour_viridis_c,space,Lab
ggplot2,3.2.0,scale_colour_viridis_c,na.value,grey50
ggplot2,3.2.0,scale_colour_viridis_c,guide,colourbar
ggplot2,3.2.0,scale_colour_viridis_c,aesthetics,colour
ggplot2,3.2.0,scale_fill_viridis_c,...,
ggplot2,3.2.0,scale_fill_viridis_c,alpha,1
ggplot2,3.2.0,scale_fill_viridis_c,begin,0
ggplot2,3.2.0,scale_fill_viridis_c,end,1
ggplot2,3.2.0,scale_fill_viridis_c,direction,1
ggplot2,3.2.0,scale_fill_viridis_c,option,D
ggplot2,3.2.0,scale_fill_viridis_c,values,NULL
ggplot2,3.2.0,scale_fill_viridis_c,space,Lab
ggplot2,3.2.0,scale_fill_viridis_c,na.value,grey50
ggplot2,3.2.0,scale_fill_viridis_c,guide,colourbar
ggplot2,3.2.0,scale_fill_viridis_c,aesthetics,fill
ggplot2,3.2.0,stat_bin,mapping,NULL
ggplot2,3.2.0,stat_bin,data,NULL
ggplot2,3.2.0,stat_bin,geom,bar
ggplot2,3.2.0,stat_bin,position,stack
ggplot2,3.2.0,stat_bin,...,
ggplot2,3.2.0,stat_bin,binwidth,NULL
ggplot2,3.2.0,stat_bin,bins,NULL
ggplot2,3.2.0,stat_bin,center,NULL
ggplot2,3.2.0,stat_bin,boundary,NULL
ggplot2,3.2.0,stat_bin,breaks,NULL
ggplot2,3.2.0,stat_bin,closed,"c(""right"", ""left"")"
ggplot2,3.2.0,stat_bin,pad,FALSE
ggplot2,3.2.0,stat_bin,na.rm,FALSE
ggplot2,3.2.0,stat_bin,show.legend,"NA"
ggplot2,3.2.0,stat_bin,inherit.aes,TRUE
ggplot2,3.2.0,stat_bin_2d,mapping,NULL
ggplot2,3.2.0,stat_bin_2d,data,NULL
ggplot2,3.2.0,stat_bin_2d,geom,tile
ggplot2,3.2.0,stat_bin_2d,position,identity
ggplot2,3.2.0,stat_bin_2d,...,
ggplot2,3.2.0,stat_bin_2d,bins,30
ggplot2,3.2.0,stat_bin_2d,binwidth,NULL
ggplot2,3.2.0,stat_bin_2d,drop,TRUE
ggplot2,3.2.0,stat_bin_2d,na.rm,FALSE
ggplot2,3.2.0,stat_bin_2d,show.legend,"NA"
ggplot2,3.2.0,stat_bin_2d,inherit.aes,TRUE
ggplot2,3.2.0,stat_bin2d,mapping,NULL
ggplot2,3.2.0,stat_bin2d,data,NULL
ggplot2,3.2.0,stat_bin2d,geom,tile
ggplot2,3.2.0,stat_bin2d,position,identity
ggplot2,3.2.0,stat_bin2d,...,
ggplot2,3.2.0,stat_bin2d,bins,30
ggplot2,3.2.0,stat_bin2d,binwidth,NULL
ggplot2,3.2.0,stat_bin2d,drop,TRUE
ggplot2,3.2.0,stat_bin2d,na.rm,FALSE
ggplot2,3.2.0,stat_bin2d,show.legend,"NA"
ggplot2,3.2.0,stat_bin2d,inherit.aes,TRUE
ggplot2,3.2.0,stat_bin_hex,mapping,NULL
ggplot2,3.2.0,stat_bin_hex,data,NULL
ggplot2,3.2.0,stat_bin_hex,geom,hex
ggplot2,3.2.0,stat_bin_hex,position,identity
ggplot2,3.2.0,stat_bin_hex,...,
ggplot2,3.2.0,stat_bin_hex,bins,30
ggplot2,3.2.0,stat_bin_hex,binwidth,NULL
ggplot2,3.2.0,stat_bin_hex,na.rm,FALSE
ggplot2,3.2.0,stat_bin_hex,show.legend,"NA"
ggplot2,3.2.0,stat_bin_hex,inherit.aes,TRUE
ggplot2,3.2.0,stat_binhex,mapping,NULL
ggplot2,3.2.0,stat_binhex,data,NULL
ggplot2,3.2.0,stat_binhex,geom,hex
ggplot2,3.2.0,stat_binhex,position,identity
ggplot2,3.2.0,stat_binhex,...,
ggplot2,3.2.0,stat_binhex,bins,30
ggplot2,3.2.0,stat_binhex,binwidth,NULL
ggplot2,3.2.0,stat_binhex,na.rm,FALSE
ggplot2,3.2.0,stat_binhex,show.legend,"NA"
ggplot2,3.2.0,stat_binhex,inherit.aes,TRUE
ggplot2,3.2.0,stat_boxplot,mapping,NULL
ggplot2,3.2.0,stat_boxplot,data,NULL
ggplot2,3.2.0,stat_boxplot,geom,boxplot
ggplot2,3.2.0,stat_boxplot,position,dodge2
ggplot2,3.2.0,stat_boxplot,...,
ggplot2,3.2.0,stat_boxplot,coef,1.5
ggplot2,3.2.0,stat_boxplot,na.rm,FALSE
ggplot2,3.2.0,stat_boxplot,show.legend,"NA"
ggplot2,3.2.0,stat_boxplot,inherit.aes,TRUE
ggplot2,3.2.0,stat_contour,mapping,NULL
ggplot2,3.2.0,stat_contour,data,NULL
ggplot2,3.2.0,stat_contour,geom,contour
ggplot2,3.2.0,stat_contour,position,identity
ggplot2,3.2.0,stat_contour,...,
ggplot2,3.2.0,stat_contour,na.rm,FALSE
ggplot2,3.2.0,stat_contour,show.legend,"NA"
ggplot2,3.2.0,stat_contour,inherit.aes,TRUE
ggplot2,3.2.0,stat_count,mapping,NULL
ggplot2,3.2.0,stat_count,data,NULL
ggplot2,3.2.0,stat_count,geom,bar
ggplot2,3.2.0,stat_count,position,stack
ggplot2,3.2.0,stat_count,...,
ggplot2,3.2.0,stat_count,width,NULL
ggplot2,3.2.0,stat_count,na.rm,FALSE
ggplot2,3.2.0,stat_count,show.legend,"NA"
ggplot2,3.2.0,stat_count,inherit.aes,TRUE
ggplot2,3.2.0,stat_density_2d,mapping,NULL
ggplot2,3.2.0,stat_density_2d,data,NULL
ggplot2,3.2.0,stat_density_2d,geom,density_2d
ggplot2,3.2.0,stat_density_2d,position,identity
ggplot2,3.2.0,stat_density_2d,...,
ggplot2,3.2.0,stat_density_2d,contour,TRUE
ggplot2,3.2.0,stat_density_2d,n,100
ggplot2,3.2.0,stat_density_2d,h,NULL
ggplot2,3.2.0,stat_density_2d,na.rm,FALSE
ggplot2,3.2.0,stat_density_2d,show.legend,"NA"
ggplot2,3.2.0,stat_density_2d,inherit.aes,TRUE
ggplot2,3.2.0,stat_density2d,mapping,NULL
ggplot2,3.2.0,stat_density2d,data,NULL
ggplot2,3.2.0,stat_density2d,geom,density_2d
ggplot2,3.2.0,stat_density2d,position,identity
ggplot2,3.2.0,stat_density2d,...,
ggplot2,3.2.0,stat_density2d,contour,TRUE
ggplot2,3.2.0,stat_density2d,n,100
ggplot2,3.2.0,stat_density2d,h,NULL
ggplot2,3.2.0,stat_density2d,na.rm,FALSE
ggplot2,3.2.0,stat_density2d,show.legend,"NA"
ggplot2,3.2.0,stat_density2d,inherit.aes,TRUE
ggplot2,3.2.0,stat_density,mapping,NULL
ggplot2,3.2.0,stat_density,data,NULL
ggplot2,3.2.0,stat_density,geom,area
ggplot2,3.2.0,stat_density,position,stack
ggplot2,3.2.0,stat_density,...,
ggplot2,3.2.0,stat_density,bw,nrd0
ggplot2,3.2.0,stat_density,adjust,1
ggplot2,3.2.0,stat_density,kernel,gaussian
ggplot2,3.2.0,stat_density,n,512
ggplot2,3.2.0,stat_density,trim,FALSE
ggplot2,3.2.0,stat_density,na.rm,FALSE
ggplot2,3.2.0,stat_density,show.legend,"NA"
ggplot2,3.2.0,stat_density,inherit.aes,TRUE
ggplot2,3.2.0,stat_ecdf,mapping,NULL
ggplot2,3.2.0,stat_ecdf,data,NULL
ggplot2,3.2.0,stat_ecdf,geom,step
ggplot2,3.2.0,stat_ecdf,position,identity
ggplot2,3.2.0,stat_ecdf,...,
ggplot2,3.2.0,stat_ecdf,n,NULL
ggplot2,3.2.0,stat_ecdf,pad,TRUE
ggplot2,3.2.0,stat_ecdf,na.rm,FALSE
ggplot2,3.2.0,stat_ecdf,show.legend,"NA"
ggplot2,3.2.0,stat_ecdf,inherit.aes,TRUE
ggplot2,3.2.0,stat_ellipse,mapping,NULL
ggplot2,3.2.0,stat_ellipse,data,NULL
ggplot2,3.2.0,stat_ellipse,geom,path
ggplot2,3.2.0,stat_ellipse,position,identity
ggplot2,3.2.0,stat_ellipse,...,
ggplot2,3.2.0,stat_ellipse,type,t
ggplot2,3.2.0,stat_ellipse,level,0.95
ggplot2,3.2.0,stat_ellipse,segments,51
ggplot2,3.2.0,stat_ellipse,na.rm,FALSE
ggplot2,3.2.0,stat_ellipse,show.legend,"NA"
ggplot2,3.2.0,stat_ellipse,inherit.aes,TRUE
ggplot2,3.2.0,stat_function,mapping,NULL
ggplot2,3.2.0,stat_function,data,NULL
ggplot2,3.2.0,stat_function,geom,path
ggplot2,3.2.0,stat_function,position,identity
ggplot2,3.2.0,stat_function,...,
ggplot2,3.2.0,stat_function,fun,
ggplot2,3.2.0,stat_function,xlim,NULL
ggplot2,3.2.0,stat_function,n,101
ggplot2,3.2.0,stat_function,args,list()
ggplot2,3.2.0,stat_function,na.rm,FALSE
ggplot2,3.2.0,stat_function,show.legend,"NA"
ggplot2,3.2.0,stat_function,inherit.aes,TRUE
ggplot2,3.2.0,stat_identity,mapping,NULL
ggplot2,3.2.0,stat_identity,data,NULL
ggplot2,3.2.0,stat_identity,geom,point
ggplot2,3.2.0,stat_identity,position,identity
ggplot2,3.2.0,stat_identity,...,
ggplot2,3.2.0,stat_identity,show.legend,"NA"
ggplot2,3.2.0,stat_identity,inherit.aes,TRUE
ggplot2,3.2.0,geom_qq_line,mapping,NULL
ggplot2,3.2.0,geom_qq_line,data,NULL
ggplot2,3.2.0,geom_qq_line,geom,path
ggplot2,3.2.0,geom_qq_line,position,identity
ggplot2,3.2.0,geom_qq_line,...,
ggplot2,3.2.0,geom_qq_line,distribution,stats::qnorm
ggplot2,3.2.0,geom_qq_line,dparams,list()
ggplot2,3.2.0,geom_qq_line,line.p,"c(0.25, 0.75)"
ggplot2,3.2.0,geom_qq_line,fullrange,FALSE
ggplot2,3.2.0,geom_qq_line,na.rm,FALSE
ggplot2,3.2.0,geom_qq_line,show.legend,"NA"
ggplot2,3.2.0,geom_qq_line,inherit.aes,TRUE
ggplot2,3.2.0,stat_qq_line,mapping,NULL
ggplot2,3.2.0,stat_qq_line,data,NULL
ggplot2,3.2.0,stat_qq_line,geom,path
ggplot2,3.2.0,stat_qq_line,position,identity
ggplot2,3.2.0,stat_qq_line,...,
ggplot2,3.2.0,stat_qq_line,distribution,stats::qnorm
ggplot2,3.2.0,stat_qq_line,dparams,list()
ggplot2,3.2.0,stat_qq_line,line.p,"c(0.25, 0.75)"
ggplot2,3.2.0,stat_qq_line,fullrange,FALSE
ggplot2,3.2.0,stat_qq_line,na.rm,FALSE
ggplot2,3.2.0,stat_qq_line,show.legend,"NA"
ggplot2,3.2.0,stat_qq_line,inherit.aes,TRUE
ggplot2,3.2.0,geom_qq,mapping,NULL
ggplot2,3.2.0,geom_qq,data,NULL
ggplot2,3.2.0,geom_qq,geom,point
ggplot2,3.2.0,geom_qq,position,identity
ggplot2,3.2.0,geom_qq,...,
ggplot2,3.2.0,geom_qq,distribution,stats::qnorm
ggplot2,3.2.0,geom_qq,dparams,list()
ggplot2,3.2.0,geom_qq,na.rm,FALSE
ggplot2,3.2.0,geom_qq,show.legend,"NA"
ggplot2,3.2.0,geom_qq,inherit.aes,TRUE
ggplot2,3.2.0,stat_qq,mapping,NULL
ggplot2,3.2.0,stat_qq,data,NULL
ggplot2,3.2.0,stat_qq,geom,point
ggplot2,3.2.0,stat_qq,position,identity
ggplot2,3.2.0,stat_qq,...,
ggplot2,3.2.0,stat_qq,distribution,stats::qnorm
ggplot2,3.2.0,stat_qq,dparams,list()
ggplot2,3.2.0,stat_qq,na.rm,FALSE
ggplot2,3.2.0,stat_qq,show.legend,"NA"
ggplot2,3.2.0,stat_qq,inherit.aes,TRUE
ggplot2,3.2.0,stat_quantile,mapping,NULL
ggplot2,3.2.0,stat_quantile,data,NULL
ggplot2,3.2.0,stat_quantile,geom,quantile
ggplot2,3.2.0,stat_quantile,position,identity
ggplot2,3.2.0,stat_quantile,...,
ggplot2,3.2.0,stat_quantile,quantiles,"c(0.25, 0.5, 0.75)"
ggplot2,3.2.0,stat_quantile,formula,NULL
ggplot2,3.2.0,stat_quantile,method,rq
ggplot2,3.2.0,stat_quantile,method.args,list()
ggplot2,3.2.0,stat_quantile,na.rm,FALSE
ggplot2,3.2.0,stat_quantile,show.legend,"NA"
ggplot2,3.2.0,stat_quantile,inherit.aes,TRUE
ggplot2,3.2.0,stat_sf_coordinates,mapping,aes()
ggplot2,3.2.0,stat_sf_coordinates,data,NULL
ggplot2,3.2.0,stat_sf_coordinates,geom,point
ggplot2,3.2.0,stat_sf_coordinates,position,identity
ggplot2,3.2.0,stat_sf_coordinates,na.rm,FALSE
ggplot2,3.2.0,stat_sf_coordinates,show.legend,"NA"
ggplot2,3.2.0,stat_sf_coordinates,inherit.aes,TRUE
ggplot2,3.2.0,stat_sf_coordinates,fun.geometry,NULL
ggplot2,3.2.0,stat_sf_coordinates,...,
ggplot2,3.2.0,stat_sf,mapping,NULL
ggplot2,3.2.0,stat_sf,data,NULL
ggplot2,3.2.0,stat_sf,geom,rect
ggplot2,3.2.0,stat_sf,position,identity
ggplot2,3.2.0,stat_sf,na.rm,FALSE
ggplot2,3.2.0,stat_sf,show.legend,"NA"
ggplot2,3.2.0,stat_sf,inherit.aes,TRUE
ggplot2,3.2.0,stat_sf,...,
ggplot2,3.2.0,predictdf.default,model,
ggplot2,3.2.0,predictdf.default,xseq,
ggplot2,3.2.0,predictdf.default,se,
ggplot2,3.2.0,predictdf.default,level,
ggplot2,3.2.0,predictdf.glm,model,
ggplot2,3.2.0,predictdf.glm,xseq,
ggplot2,3.2.0,predictdf.glm,se,
ggplot2,3.2.0,predictdf.glm,level,
ggplot2,3.2.0,predictdf.loess,model,
ggplot2,3.2.0,predictdf.loess,xseq,
ggplot2,3.2.0,predictdf.loess,se,
ggplot2,3.2.0,predictdf.loess,level,
ggplot2,3.2.0,predictdf.locfit,model,
ggplot2,3.2.0,predictdf.locfit,xseq,
ggplot2,3.2.0,predictdf.locfit,se,
ggplot2,3.2.0,predictdf.locfit,level,
ggplot2,3.2.0,stat_smooth,mapping,NULL
ggplot2,3.2.0,stat_smooth,data,NULL
ggplot2,3.2.0,stat_smooth,geom,smooth
ggplot2,3.2.0,stat_smooth,position,identity
ggplot2,3.2.0,stat_smooth,...,
ggplot2,3.2.0,stat_smooth,method,auto
ggplot2,3.2.0,stat_smooth,formula,y ~ x
ggplot2,3.2.0,stat_smooth,se,TRUE
ggplot2,3.2.0,stat_smooth,n,80
ggplot2,3.2.0,stat_smooth,span,0.75
ggplot2,3.2.0,stat_smooth,fullrange,FALSE
ggplot2,3.2.0,stat_smooth,level,0.95
ggplot2,3.2.0,stat_smooth,method.args,list()
ggplot2,3.2.0,stat_smooth,na.rm,FALSE
ggplot2,3.2.0,stat_smooth,show.legend,"NA"
ggplot2,3.2.0,stat_smooth,inherit.aes,TRUE
ggplot2,3.2.0,stat_sum,mapping,NULL
ggplot2,3.2.0,stat_sum,data,NULL
ggplot2,3.2.0,stat_sum,geom,point
ggplot2,3.2.0,stat_sum,position,identity
ggplot2,3.2.0,stat_sum,...,
ggplot2,3.2.0,stat_sum,na.rm,FALSE
ggplot2,3.2.0,stat_sum,show.legend,"NA"
ggplot2,3.2.0,stat_sum,inherit.aes,TRUE
ggplot2,3.2.0,stat_summary_2d,mapping,NULL
ggplot2,3.2.0,stat_summary_2d,data,NULL
ggplot2,3.2.0,stat_summary_2d,geom,tile
ggplot2,3.2.0,stat_summary_2d,position,identity
ggplot2,3.2.0,stat_summary_2d,...,
ggplot2,3.2.0,stat_summary_2d,bins,30
ggplot2,3.2.0,stat_summary_2d,binwidth,NULL
ggplot2,3.2.0,stat_summary_2d,drop,TRUE
ggplot2,3.2.0,stat_summary_2d,fun,mean
ggplot2,3.2.0,stat_summary_2d,fun.args,list()
ggplot2,3.2.0,stat_summary_2d,na.rm,FALSE
ggplot2,3.2.0,stat_summary_2d,show.legend,"NA"
ggplot2,3.2.0,stat_summary_2d,inherit.aes,TRUE
ggplot2,3.2.0,stat_summary2d,...,
ggplot2,3.2.0,stat_summary_bin,mapping,NULL
ggplot2,3.2.0,stat_summary_bin,data,NULL
ggplot2,3.2.0,stat_summary_bin,geom,pointrange
ggplot2,3.2.0,stat_summary_bin,position,identity
ggplot2,3.2.0,stat_summary_bin,...,
ggplot2,3.2.0,stat_summary_bin,fun.data,NULL
ggplot2,3.2.0,stat_summary_bin,fun.y,NULL
ggplot2,3.2.0,stat_summary_bin,fun.ymax,NULL
ggplot2,3.2.0,stat_summary_bin,fun.ymin,NULL
ggplot2,3.2.0,stat_summary_bin,fun.args,list()
ggplot2,3.2.0,stat_summary_bin,bins,30
ggplot2,3.2.0,stat_summary_bin,binwidth,NULL
ggplot2,3.2.0,stat_summary_bin,breaks,NULL
ggplot2,3.2.0,stat_summary_bin,na.rm,FALSE
ggplot2,3.2.0,stat_summary_bin,show.legend,"NA"
ggplot2,3.2.0,stat_summary_bin,inherit.aes,TRUE
ggplot2,3.2.0,stat_summary_hex,mapping,NULL
ggplot2,3.2.0,stat_summary_hex,data,NULL
ggplot2,3.2.0,stat_summary_hex,geom,hex
ggplot2,3.2.0,stat_summary_hex,position,identity
ggplot2,3.2.0,stat_summary_hex,...,
ggplot2,3.2.0,stat_summary_hex,bins,30
ggplot2,3.2.0,stat_summary_hex,binwidth,NULL
ggplot2,3.2.0,stat_summary_hex,drop,TRUE
ggplot2,3.2.0,stat_summary_hex,fun,mean
ggplot2,3.2.0,stat_summary_hex,fun.args,list()
ggplot2,3.2.0,stat_summary_hex,na.rm,FALSE
ggplot2,3.2.0,stat_summary_hex,show.legend,"NA"
ggplot2,3.2.0,stat_summary_hex,inherit.aes,TRUE
ggplot2,3.2.0,stat_summary,mapping,NULL
ggplot2,3.2.0,stat_summary,data,NULL
ggplot2,3.2.0,stat_summary,geom,pointrange
ggplot2,3.2.0,stat_summary,position,identity
ggplot2,3.2.0,stat_summary,...,
ggplot2,3.2.0,stat_summary,fun.data,NULL
ggplot2,3.2.0,stat_summary,fun.y,NULL
ggplot2,3.2.0,stat_summary,fun.ymax,NULL
ggplot2,3.2.0,stat_summary,fun.ymin,NULL
ggplot2,3.2.0,stat_summary,fun.args,list()
ggplot2,3.2.0,stat_summary,na.rm,FALSE
ggplot2,3.2.0,stat_summary,show.legend,"NA"
ggplot2,3.2.0,stat_summary,inherit.aes,TRUE
ggplot2,3.2.0,mean_cl_boot,x,
ggplot2,3.2.0,mean_cl_boot,...,
ggplot2,3.2.0,mean_cl_normal,x,
ggplot2,3.2.0,mean_cl_normal,...,
ggplot2,3.2.0,mean_sdl,x,
ggplot2,3.2.0,mean_sdl,...,
ggplot2,3.2.0,median_hilow,x,
ggplot2,3.2.0,median_hilow,...,
ggplot2,3.2.0,mean_se,x,
ggplot2,3.2.0,mean_se,mult,1
ggplot2,3.2.0,stat_unique,mapping,NULL
ggplot2,3.2.0,stat_unique,data,NULL
ggplot2,3.2.0,stat_unique,geom,point
ggplot2,3.2.0,stat_unique,position,identity
ggplot2,3.2.0,stat_unique,...,
ggplot2,3.2.0,stat_unique,na.rm,FALSE
ggplot2,3.2.0,stat_unique,show.legend,"NA"
ggplot2,3.2.0,stat_unique,inherit.aes,TRUE
ggplot2,3.2.0,stat_ydensity,mapping,NULL
ggplot2,3.2.0,stat_ydensity,data,NULL
ggplot2,3.2.0,stat_ydensity,geom,violin
ggplot2,3.2.0,stat_ydensity,position,dodge
ggplot2,3.2.0,stat_ydensity,...,
ggplot2,3.2.0,stat_ydensity,bw,nrd0
ggplot2,3.2.0,stat_ydensity,adjust,1
ggplot2,3.2.0,stat_ydensity,kernel,gaussian
ggplot2,3.2.0,stat_ydensity,trim,TRUE
ggplot2,3.2.0,stat_ydensity,scale,area
ggplot2,3.2.0,stat_ydensity,na.rm,FALSE
ggplot2,3.2.0,stat_ydensity,show.legend,"NA"
ggplot2,3.2.0,stat_ydensity,inherit.aes,TRUE
ggplot2,3.2.0,summarise_layout,p,
ggplot2,3.2.0,summarise_coord,p,
ggplot2,3.2.0,summarise_layers,p,
ggplot2,3.2.0,summary.ggplot,object,
ggplot2,3.2.0,summary.ggplot,...,
ggplot2,3.2.0,element_rect,fill,NULL
ggplot2,3.2.0,element_rect,colour,NULL
ggplot2,3.2.0,element_rect,size,NULL
ggplot2,3.2.0,element_rect,linetype,NULL
ggplot2,3.2.0,element_rect,color,NULL
ggplot2,3.2.0,element_rect,inherit.blank,FALSE
ggplot2,3.2.0,element_line,colour,NULL
ggplot2,3.2.0,element_line,size,NULL
ggplot2,3.2.0,element_line,linetype,NULL
ggplot2,3.2.0,element_line,lineend,NULL
ggplot2,3.2.0,element_line,color,NULL
ggplot2,3.2.0,element_line,arrow,NULL
ggplot2,3.2.0,element_line,inherit.blank,FALSE
ggplot2,3.2.0,element_text,family,NULL
ggplot2,3.2.0,element_text,face,NULL
ggplot2,3.2.0,element_text,colour,NULL
ggplot2,3.2.0,element_text,size,NULL
ggplot2,3.2.0,element_text,hjust,NULL
ggplot2,3.2.0,element_text,vjust,NULL
ggplot2,3.2.0,element_text,angle,NULL
ggplot2,3.2.0,element_text,lineheight,NULL
ggplot2,3.2.0,element_text,color,NULL
ggplot2,3.2.0,element_text,margin,NULL
ggplot2,3.2.0,element_text,debug,NULL
ggplot2,3.2.0,element_text,inherit.blank,FALSE
ggplot2,3.2.0,print.element,x,
ggplot2,3.2.0,print.element,...,
ggplot2,3.2.0,rel,x,
ggplot2,3.2.0,print.rel,x,
ggplot2,3.2.0,print.rel,...,
ggplot2,3.2.0,is.rel,x,
ggplot2,3.2.0,element_grob,element,
ggplot2,3.2.0,element_grob,...,
ggplot2,3.2.0,element_grob.element_blank,element,
ggplot2,3.2.0,element_grob.element_blank,...,
ggplot2,3.2.0,element_grob.element_rect,element,
ggplot2,3.2.0,element_grob.element_rect,x,0.5
ggplot2,3.2.0,element_grob.element_rect,y,0.5
ggplot2,3.2.0,element_grob.element_rect,width,1
ggplot2,3.2.0,element_grob.element_rect,height,1
ggplot2,3.2.0,element_grob.element_rect,fill,NULL
ggplot2,3.2.0,element_grob.element_rect,colour,NULL
ggplot2,3.2.0,element_grob.element_rect,size,NULL
ggplot2,3.2.0,element_grob.element_rect,linetype,NULL
ggplot2,3.2.0,element_grob.element_rect,...,
ggplot2,3.2.0,element_grob.element_text,element,
ggplot2,3.2.0,element_grob.element_text,label,
ggplot2,3.2.0,element_grob.element_text,x,NULL
ggplot2,3.2.0,element_grob.element_text,y,NULL
ggplot2,3.2.0,element_grob.element_text,family,NULL
ggplot2,3.2.0,element_grob.element_text,face,NULL
ggplot2,3.2.0,element_grob.element_text,colour,NULL
ggplot2,3.2.0,element_grob.element_text,size,NULL
ggplot2,3.2.0,element_grob.element_text,hjust,NULL
ggplot2,3.2.0,element_grob.element_text,vjust,NULL
ggplot2,3.2.0,element_grob.element_text,angle,NULL
ggplot2,3.2.0,element_grob.element_text,lineheight,NULL
ggplot2,3.2.0,element_grob.element_text,margin,NULL
ggplot2,3.2.0,element_grob.element_text,margin_x,FALSE
ggplot2,3.2.0,element_grob.element_text,margin_y,FALSE
ggplot2,3.2.0,element_grob.element_text,...,
ggplot2,3.2.0,element_grob.element_line,element,
ggplot2,3.2.0,element_grob.element_line,x,0:1
ggplot2,3.2.0,element_grob.element_line,y,0:1
ggplot2,3.2.0,element_grob.element_line,colour,NULL
ggplot2,3.2.0,element_grob.element_line,size,NULL
ggplot2,3.2.0,element_grob.element_line,linetype,NULL
ggplot2,3.2.0,element_grob.element_line,lineend,NULL
ggplot2,3.2.0,element_grob.element_line,default.units,npc
ggplot2,3.2.0,element_grob.element_line,id.lengths,NULL
ggplot2,3.2.0,element_grob.element_line,...,
ggplot2,3.2.0,theme,line,
ggplot2,3.2.0,theme,rect,
ggplot2,3.2.0,theme,text,
ggplot2,3.2.0,theme,title,
ggplot2,3.2.0,theme,aspect.ratio,
ggplot2,3.2.0,theme,axis.title,
ggplot2,3.2.0,theme,axis.title.x,
ggplot2,3.2.0,theme,axis.title.x.top,
ggplot2,3.2.0,theme,axis.title.x.bottom,
ggplot2,3.2.0,theme,axis.title.y,
ggplot2,3.2.0,theme,axis.title.y.left,
ggplot2,3.2.0,theme,axis.title.y.right,
ggplot2,3.2.0,theme,axis.text,
ggplot2,3.2.0,theme,axis.text.x,
ggplot2,3.2.0,theme,axis.text.x.top,
ggplot2,3.2.0,theme,axis.text.x.bottom,
ggplot2,3.2.0,theme,axis.text.y,
ggplot2,3.2.0,theme,axis.text.y.left,
ggplot2,3.2.0,theme,axis.text.y.right,
ggplot2,3.2.0,theme,axis.ticks,
ggplot2,3.2.0,theme,axis.ticks.x,
ggplot2,3.2.0,theme,axis.ticks.x.top,
ggplot2,3.2.0,theme,axis.ticks.x.bottom,
ggplot2,3.2.0,theme,axis.ticks.y,
ggplot2,3.2.0,theme,axis.ticks.y.left,
ggplot2,3.2.0,theme,axis.ticks.y.right,
ggplot2,3.2.0,theme,axis.ticks.length,
ggplot2,3.2.0,theme,axis.ticks.length.x,
ggplot2,3.2.0,theme,axis.ticks.length.x.top,
ggplot2,3.2.0,theme,axis.ticks.length.x.bottom,
ggplot2,3.2.0,theme,axis.ticks.length.y,
ggplot2,3.2.0,theme,axis.ticks.length.y.left,
ggplot2,3.2.0,theme,axis.ticks.length.y.right,
ggplot2,3.2.0,theme,axis.line,
ggplot2,3.2.0,theme,axis.line.x,
ggplot2,3.2.0,theme,axis.line.x.top,
ggplot2,3.2.0,theme,axis.line.x.bottom,
ggplot2,3.2.0,theme,axis.line.y,
ggplot2,3.2.0,theme,axis.line.y.left,
ggplot2,3.2.0,theme,axis.line.y.right,
ggplot2,3.2.0,theme,legend.background,
ggplot2,3.2.0,theme,legend.margin,
ggplot2,3.2.0,theme,legend.spacing,
ggplot2,3.2.0,theme,legend.spacing.x,
ggplot2,3.2.0,theme,legend.spacing.y,
ggplot2,3.2.0,theme,legend.key,
ggplot2,3.2.0,theme,legend.key.size,
ggplot2,3.2.0,theme,legend.key.height,
ggplot2,3.2.0,theme,legend.key.width,
ggplot2,3.2.0,theme,legend.text,
ggplot2,3.2.0,theme,legend.text.align,
ggplot2,3.2.0,theme,legend.title,
ggplot2,3.2.0,theme,legend.title.align,
ggplot2,3.2.0,theme,legend.position,
ggplot2,3.2.0,theme,legend.direction,
ggplot2,3.2.0,theme,legend.justification,
ggplot2,3.2.0,theme,legend.box,
ggplot2,3.2.0,theme,legend.box.just,
ggplot2,3.2.0,theme,legend.box.margin,
ggplot2,3.2.0,theme,legend.box.background,
ggplot2,3.2.0,theme,legend.box.spacing,
ggplot2,3.2.0,theme,panel.background,
ggplot2,3.2.0,theme,panel.border,
ggplot2,3.2.0,theme,panel.spacing,
ggplot2,3.2.0,theme,panel.spacing.x,
ggplot2,3.2.0,theme,panel.spacing.y,
ggplot2,3.2.0,theme,panel.grid,
ggplot2,3.2.0,theme,panel.grid.major,
ggplot2,3.2.0,theme,panel.grid.minor,
ggplot2,3.2.0,theme,panel.grid.major.x,
ggplot2,3.2.0,theme,panel.grid.major.y,
ggplot2,3.2.0,theme,panel.grid.minor.x,
ggplot2,3.2.0,theme,panel.grid.minor.y,
ggplot2,3.2.0,theme,panel.ontop,
ggplot2,3.2.0,theme,plot.background,
ggplot2,3.2.0,theme,plot.title,
ggplot2,3.2.0,theme,plot.subtitle,
ggplot2,3.2.0,theme,plot.caption,
ggplot2,3.2.0,theme,plot.tag,
ggplot2,3.2.0,theme,plot.tag.position,
ggplot2,3.2.0,theme,plot.margin,
ggplot2,3.2.0,theme,strip.background,
ggplot2,3.2.0,theme,strip.background.x,
ggplot2,3.2.0,theme,strip.background.y,
ggplot2,3.2.0,theme,strip.placement,
ggplot2,3.2.0,theme,strip.text,
ggplot2,3.2.0,theme,strip.text.x,
ggplot2,3.2.0,theme,strip.text.y,
ggplot2,3.2.0,theme,strip.switch.pad.grid,
ggplot2,3.2.0,theme,strip.switch.pad.wrap,
ggplot2,3.2.0,theme,...,
ggplot2,3.2.0,theme,complete,FALSE
ggplot2,3.2.0,theme,validate,TRUE
ggplot2,3.2.0,add_theme,t1,
ggplot2,3.2.0,add_theme,t2,
ggplot2,3.2.0,add_theme,t2name,
ggplot2,3.2.0,calc_element,element,
ggplot2,3.2.0,calc_element,theme,
ggplot2,3.2.0,calc_element,verbose,FALSE
ggplot2,3.2.0,merge_element,new,
ggplot2,3.2.0,merge_element,old,
ggplot2,3.2.0,merge_element.default,new,
ggplot2,3.2.0,merge_element.default,old,
ggplot2,3.2.0,merge_element.element,new,
ggplot2,3.2.0,merge_element.element,old,
ggplot2,3.2.0,is.theme,x,
ggplot2,3.2.0,print.theme,x,
ggplot2,3.2.0,print.theme,...,
ggplot2,3.2.0,theme_grey,base_size,11
ggplot2,3.2.0,theme_grey,base_family,
ggplot2,3.2.0,theme_grey,base_line_size,base_size/22
ggplot2,3.2.0,theme_grey,base_rect_size,base_size/22
ggplot2,3.2.0,theme_gray,base_size,11
ggplot2,3.2.0,theme_gray,base_family,
ggplot2,3.2.0,theme_gray,base_line_size,base_size/22
ggplot2,3.2.0,theme_gray,base_rect_size,base_size/22
ggplot2,3.2.0,theme_bw,base_size,11
ggplot2,3.2.0,theme_bw,base_family,
ggplot2,3.2.0,theme_bw,base_line_size,base_size/22
ggplot2,3.2.0,theme_bw,base_rect_size,base_size/22
ggplot2,3.2.0,theme_linedraw,base_size,11
ggplot2,3.2.0,theme_linedraw,base_family,
ggplot2,3.2.0,theme_linedraw,base_line_size,base_size/22
ggplot2,3.2.0,theme_linedraw,base_rect_size,base_size/22
ggplot2,3.2.0,theme_light,base_size,11
ggplot2,3.2.0,theme_light,base_family,
ggplot2,3.2.0,theme_light,base_line_size,base_size/22
ggplot2,3.2.0,theme_light,base_rect_size,base_size/22
ggplot2,3.2.0,theme_dark,base_size,11
ggplot2,3.2.0,theme_dark,base_family,
ggplot2,3.2.0,theme_dark,base_line_size,base_size/22
ggplot2,3.2.0,theme_dark,base_rect_size,base_size/22
ggplot2,3.2.0,theme_minimal,base_size,11
ggplot2,3.2.0,theme_minimal,base_family,
ggplot2,3.2.0,theme_minimal,base_line_size,base_size/22
ggplot2,3.2.0,theme_minimal,base_rect_size,base_size/22
ggplot2,3.2.0,theme_classic,base_size,11
ggplot2,3.2.0,theme_classic,base_family,
ggplot2,3.2.0,theme_classic,base_line_size,base_size/22
ggplot2,3.2.0,theme_classic,base_rect_size,base_size/22
ggplot2,3.2.0,theme_void,base_size,11
ggplot2,3.2.0,theme_void,base_family,
ggplot2,3.2.0,theme_void,base_line_size,base_size/22
ggplot2,3.2.0,theme_void,base_rect_size,base_size/22
ggplot2,3.2.0,theme_test,base_size,11
ggplot2,3.2.0,theme_test,base_family,
ggplot2,3.2.0,theme_test,base_line_size,base_size/22
ggplot2,3.2.0,theme_test,base_rect_size,base_size/22
ggplot2,3.2.0,theme_set,new,
ggplot2,3.2.0,theme_update,...,
ggplot2,3.2.0,theme_replace,...,
ggplot2,3.2.0,%+replace%,e1,
ggplot2,3.2.0,%+replace%,e2,
ggplot2,3.2.0,cut_interval,x,
ggplot2,3.2.0,cut_interval,n,NULL
ggplot2,3.2.0,cut_interval,length,NULL
ggplot2,3.2.0,cut_interval,...,
ggplot2,3.2.0,cut_number,x,
ggplot2,3.2.0,cut_number,n,NULL
ggplot2,3.2.0,cut_number,...,
ggplot2,3.2.0,cut_width,x,
ggplot2,3.2.0,cut_width,width,
ggplot2,3.2.0,cut_width,center,NULL
ggplot2,3.2.0,cut_width,boundary,NULL
ggplot2,3.2.0,cut_width,closed,"c(""right"", ""left"")"
ggplot2,3.2.0,cut_width,...,
ggplot2,3.2.0,interleave.unit,...,
ggplot2,3.2.0,interleave.default,...,
ggplot2,3.2.0,resolution,x,
ggplot2,3.2.0,resolution,zero,TRUE
ggplot2,3.2.0,scale_colour_discrete,...,
ggplot2,3.2.0,scale_colour_discrete,h,"c(0, 360) + 15"
ggplot2,3.2.0,scale_colour_discrete,c,100
ggplot2,3.2.0,scale_colour_discrete,l,65
ggplot2,3.2.0,scale_colour_discrete,h.start,0
ggplot2,3.2.0,scale_colour_discrete,direction,1
ggplot2,3.2.0,scale_colour_discrete,na.value,grey50
ggplot2,3.2.0,scale_colour_discrete,aesthetics,colour
ggplot2,3.2.0,scale_colour_ordinal,...,
ggplot2,3.2.0,scale_colour_ordinal,alpha,1
ggplot2,3.2.0,scale_colour_ordinal,begin,0
ggplot2,3.2.0,scale_colour_ordinal,end,1
ggplot2,3.2.0,scale_colour_ordinal,direction,1
ggplot2,3.2.0,scale_colour_ordinal,option,D
ggplot2,3.2.0,scale_colour_ordinal,aesthetics,colour
ggplot2,3.2.0,scale_colour_datetime,...,
ggplot2,3.2.0,scale_colour_datetime,low,#132B43
ggplot2,3.2.0,scale_colour_datetime,high,#56B1F7
ggplot2,3.2.0,scale_colour_datetime,space,Lab
ggplot2,3.2.0,scale_colour_datetime,na.value,grey50
ggplot2,3.2.0,scale_colour_datetime,guide,colourbar
ggplot2,3.2.0,scale_colour_date,...,
ggplot2,3.2.0,scale_colour_date,low,#132B43
ggplot2,3.2.0,scale_colour_date,high,#56B1F7
ggplot2,3.2.0,scale_colour_date,space,Lab
ggplot2,3.2.0,scale_colour_date,na.value,grey50
ggplot2,3.2.0,scale_colour_date,guide,colourbar
ggplot2,3.2.0,scale_fill_discrete,...,
ggplot2,3.2.0,scale_fill_discrete,h,"c(0, 360) + 15"
ggplot2,3.2.0,scale_fill_discrete,c,100
ggplot2,3.2.0,scale_fill_discrete,l,65
ggplot2,3.2.0,scale_fill_discrete,h.start,0
ggplot2,3.2.0,scale_fill_discrete,direction,1
ggplot2,3.2.0,scale_fill_discrete,na.value,grey50
ggplot2,3.2.0,scale_fill_discrete,aesthetics,fill
ggplot2,3.2.0,scale_fill_ordinal,...,
ggplot2,3.2.0,scale_fill_ordinal,alpha,1
ggplot2,3.2.0,scale_fill_ordinal,begin,0
ggplot2,3.2.0,scale_fill_ordinal,end,1
ggplot2,3.2.0,scale_fill_ordinal,direction,1
ggplot2,3.2.0,scale_fill_ordinal,option,D
ggplot2,3.2.0,scale_fill_ordinal,aesthetics,fill
ggplot2,3.2.0,scale_fill_datetime,...,
ggplot2,3.2.0,scale_fill_datetime,low,#132B43
ggplot2,3.2.0,scale_fill_datetime,high,#56B1F7
ggplot2,3.2.0,scale_fill_datetime,space,Lab
ggplot2,3.2.0,scale_fill_datetime,na.value,grey50
ggplot2,3.2.0,scale_fill_datetime,guide,colourbar
ggplot2,3.2.0,scale_fill_date,...,
ggplot2,3.2.0,scale_fill_date,low,#132B43
ggplot2,3.2.0,scale_fill_date,high,#56B1F7
ggplot2,3.2.0,scale_fill_date,space,Lab
ggplot2,3.2.0,scale_fill_date,na.value,grey50
ggplot2,3.2.0,scale_fill_date,guide,colourbar
ggplot2,3.2.0,scale_color_brewer,...,
ggplot2,3.2.0,scale_color_brewer,type,seq
ggplot2,3.2.0,scale_color_brewer,palette,1
ggplot2,3.2.0,scale_color_brewer,direction,1
ggplot2,3.2.0,scale_color_brewer,aesthetics,colour
ggplot2,3.2.0,scale_color_distiller,...,
ggplot2,3.2.0,scale_color_distiller,type,seq
ggplot2,3.2.0,scale_color_distiller,palette,1
ggplot2,3.2.0,scale_color_distiller,direction,-1
ggplot2,3.2.0,scale_color_distiller,values,NULL
ggplot2,3.2.0,scale_color_distiller,space,Lab
ggplot2,3.2.0,scale_color_distiller,na.value,grey50
ggplot2,3.2.0,scale_color_distiller,guide,colourbar
ggplot2,3.2.0,scale_color_distiller,aesthetics,colour
ggplot2,3.2.0,scale_color_continuous,...,
ggplot2,3.2.0,scale_color_continuous,type,"getOption(""ggplot2.continuous.colour"", default = ""gradient"")"
ggplot2,3.2.0,scale_color_discrete,...,
ggplot2,3.2.0,scale_color_discrete,h,"c(0, 360) + 15"
ggplot2,3.2.0,scale_color_discrete,c,100
ggplot2,3.2.0,scale_color_discrete,l,65
ggplot2,3.2.0,scale_color_discrete,h.start,0
ggplot2,3.2.0,scale_color_discrete,direction,1
ggplot2,3.2.0,scale_color_discrete,na.value,grey50
ggplot2,3.2.0,scale_color_discrete,aesthetics,colour
ggplot2,3.2.0,scale_color_gradient,...,
ggplot2,3.2.0,scale_color_gradient,low,#132B43
ggplot2,3.2.0,scale_color_gradient,high,#56B1F7
ggplot2,3.2.0,scale_color_gradient,space,Lab
ggplot2,3.2.0,scale_color_gradient,na.value,grey50
ggplot2,3.2.0,scale_color_gradient,guide,colourbar
ggplot2,3.2.0,scale_color_gradient,aesthetics,colour
ggplot2,3.2.0,scale_color_gradient2,...,
ggplot2,3.2.0,scale_color_gradient2,low,"muted(""red"")"
ggplot2,3.2.0,scale_color_gradient2,mid,white
ggplot2,3.2.0,scale_color_gradient2,high,"muted(""blue"")"
ggplot2,3.2.0,scale_color_gradient2,midpoint,0
ggplot2,3.2.0,scale_color_gradient2,space,Lab
ggplot2,3.2.0,scale_color_gradient2,na.value,grey50
ggplot2,3.2.0,scale_color_gradient2,guide,colourbar
ggplot2,3.2.0,scale_color_gradient2,aesthetics,colour
ggplot2,3.2.0,scale_color_gradientn,...,
ggplot2,3.2.0,scale_color_gradientn,colours,
ggplot2,3.2.0,scale_color_gradientn,values,NULL
ggplot2,3.2.0,scale_color_gradientn,space,Lab
ggplot2,3.2.0,scale_color_gradientn,na.value,grey50
ggplot2,3.2.0,scale_color_gradientn,guide,colourbar
ggplot2,3.2.0,scale_color_gradientn,aesthetics,colour
ggplot2,3.2.0,scale_color_gradientn,colors,
ggplot2,3.2.0,scale_color_grey,...,
ggplot2,3.2.0,scale_color_grey,start,0.2
ggplot2,3.2.0,scale_color_grey,end,0.8
ggplot2,3.2.0,scale_color_grey,na.value,red
ggplot2,3.2.0,scale_color_grey,aesthetics,colour
ggplot2,3.2.0,scale_color_hue,...,
ggplot2,3.2.0,scale_color_hue,h,"c(0, 360) + 15"
ggplot2,3.2.0,scale_color_hue,c,100
ggplot2,3.2.0,scale_color_hue,l,65
ggplot2,3.2.0,scale_color_hue,h.start,0
ggplot2,3.2.0,scale_color_hue,direction,1
ggplot2,3.2.0,scale_color_hue,na.value,grey50
ggplot2,3.2.0,scale_color_hue,aesthetics,colour
ggplot2,3.2.0,scale_color_identity,...,
ggplot2,3.2.0,scale_color_identity,guide,none
ggplot2,3.2.0,scale_color_identity,aesthetics,colour
ggplot2,3.2.0,scale_color_manual,...,
ggplot2,3.2.0,scale_color_manual,values,
ggplot2,3.2.0,scale_color_manual,aesthetics,colour
ggplot2,3.2.0,scale_color_viridis_d,...,
ggplot2,3.2.0,scale_color_viridis_d,alpha,1
ggplot2,3.2.0,scale_color_viridis_d,begin,0
ggplot2,3.2.0,scale_color_viridis_d,end,1
ggplot2,3.2.0,scale_color_viridis_d,direction,1
ggplot2,3.2.0,scale_color_viridis_d,option,D
ggplot2,3.2.0,scale_color_viridis_d,aesthetics,colour
ggplot2,3.2.0,scale_color_viridis_c,...,
ggplot2,3.2.0,scale_color_viridis_c,alpha,1
ggplot2,3.2.0,scale_color_viridis_c,begin,0
ggplot2,3.2.0,scale_color_viridis_c,end,1
ggplot2,3.2.0,scale_color_viridis_c,direction,1
ggplot2,3.2.0,scale_color_viridis_c,option,D
ggplot2,3.2.0,scale_color_viridis_c,values,NULL
ggplot2,3.2.0,scale_color_viridis_c,space,Lab
ggplot2,3.2.0,scale_color_viridis_c,na.value,grey50
ggplot2,3.2.0,scale_color_viridis_c,guide,colourbar
ggplot2,3.2.0,scale_color_viridis_c,aesthetics,colour
